[{"model": "contenttypes.contenttype", "pk": 1, "fields": {"app_label": "admin", "model": "logentry"}}, {"model": "contenttypes.contenttype", "pk": 2, "fields": {"app_label": "auth", "model": "permission"}}, {"model": "contenttypes.contenttype", "pk": 3, "fields": {"app_label": "auth", "model": "group"}}, {"model": "contenttypes.contenttype", "pk": 4, "fields": {"app_label": "contenttypes", "model": "contenttype"}}, {"model": "contenttypes.contenttype", "pk": 5, "fields": {"app_label": "sessions", "model": "session"}}, {"model": "contenttypes.contenttype", "pk": 6, "fields": {"app_label": "menu", "model": "customuser"}}, {"model": "contenttypes.contenttype", "pk": 7, "fields": {"app_label": "menu", "model": "fooditem"}}, {"model": "contenttypes.contenttype", "pk": 8, "fields": {"app_label": "menu", "model": "foodtype"}}, {"model": "contenttypes.contenttype", "pk": 9, "fields": {"app_label": "menu", "model": "order"}}, {"model": "contenttypes.contenttype", "pk": 10, "fields": {"app_label": "menu", "model": "ordereditem"}}, {"model": "sessions.session", "pk": "4fuexbpdzawwi3rd74vrujz30s295ohl", "fields": {"session_data": "ODJjYzdmNjQwOGM2NDQwN2Y1YWVlYWQyNTNhMGRjZDg5ZDViYmEyZTp7Il9hdXRoX3VzZXJfaWQiOiIyIiwiX2F1dGhfdXNlcl9iYWNrZW5kIjoiZGphbmdvLmNvbnRyaWIuYXV0aC5iYWNrZW5kcy5Nb2RlbEJhY2tlbmQiLCJfYXV0aF91c2VyX2hhc2giOiJiZjgyOGNkMzRhOGM3OWZmMmVlOTY5YTM0OTEwZmYzMTdiMTExMDFhIn0=", "expire_date": "2019-07-03T11:59:03.325Z"}}, {"model": "sessions.session", "pk": "u04l61m4oub61afv8g0xhhlwtdj09481", "fields": {"session_data": "NmVlN2I2ZGI2YzA3YTg0YWM1ZTk1ZDQ3M2ExYWU4OTNhMjY1ZWVjMzp7Il9hdXRoX3VzZXJfaWQiOiIxIiwiX2F1dGhfdXNlcl9iYWNrZW5kIjoiZGphbmdvLmNvbnRyaWIuYXV0aC5iYWNrZW5kcy5Nb2RlbEJhY2tlbmQiLCJfYXV0aF91c2VyX2hhc2giOiJjMDFkNjQ1NzA0Y2NiNjc2MWQxM2I3OGVhMDY4MGIyNDBjNjM0NjY1In0=", "expire_date": "2019-07-03T03:39:46.412Z"}}, {"model": "sessions.session", "pk": "ws0s6l9q8k5o85qg5v2tkd1hmicglsz3", "fields": {"session_data": "N2Q1MmFkMzRhMDZhZTY5N2YyYmM1OTQ0ZDY2NGE2OGM1MGU0YzNlYTp7Il9hdXRoX3VzZXJfaWQiOiIxIiwiX2F1dGhfdXNlcl9iYWNrZW5kIjoiZGphbmdvLmNvbnRyaWIuYXV0aC5iYWNrZW5kcy5Nb2RlbEJhY2tlbmQiLCJfYXV0aF91c2VyX2hhc2giOiIwYzRhMWMwNWU0OTRiMTQzZDgyMGRlNWEwMTZlNDc0OGRjMDU3YzJlIn0=", "expire_date": "2019-07-04T02:48:51.462Z"}}, {"model": "menu.foodtype", "pk": 7, "fields": {"food_type": "Steal the Deal"}}, {"model": "menu.foodtype", "pk": 8, "fields": {"food_type": "Salad"}}, {"model": "menu.foodtype", "pk": 9, "fields": {"food_type": "Corner Bites"}}, {"model": "menu.foodtype", "pk": 10, "fields": {"food_type": "Mo:Mo / Chowmein & Fired Rice"}}, {"model": "menu.foodtype", "pk": 11, "fields": {"food_type": "Indian Tadka"}}, {"model": "menu.foodtype", "pk": 12, "fields": {"food_type": "Pasta"}}, {"model": "menu.foodtype", "pk": 13, "fields": {"food_type": "Pizza"}}, {"model": "menu.foodtype", "pk": 14, "fields": {"food_type": "Burger/Sandwich"}}, {"model": "menu.fooditem", "pk": 25, "fields": {"name": "Chicken Quesadilla", "food_type": 7, "price": 495, "is_active": true}}, {"model": "menu.fooditem", "pk": 26, "fields": {"name": "Jambalaya Chicken", "food_type": 7, "price": 640, "is_active": true}}, {"model": "menu.fooditem", "pk": 27, "fields": {"name": "Jambalaya Shrimp", "food_type": 7, "price": 690, "is_active": true}}, {"model": "menu.fooditem", "pk": 28, "fields": {"name": "Mutton Mo:Mo", "food_type": 7, "price": 305, "is_active": true}}, {"model": "menu.fooditem", "pk": 29, "fields": {"name": "Boiled Mix Veg", "food_type": 8, "price": 250, "is_active": true}}, {"model": "menu.fooditem", "pk": 30, "fields": {"name": "Chicken Caesar Salad", "food_type": 8, "price": 350, "is_active": true}}, {"model": "menu.fooditem", "pk": 31, "fields": {"name": "Thai Chicken Salad", "food_type": 8, "price": 370, "is_active": true}}, {"model": "menu.fooditem", "pk": 32, "fields": {"name": "Veg Caesar Salad", "food_type": 8, "price": 300, "is_active": true}}, {"model": "menu.fooditem", "pk": 33, "fields": {"name": "Peanut Sandeko", "food_type": 9, "price": 215, "is_active": true}}, {"model": "menu.fooditem", "pk": 34, "fields": {"name": "Fish Chilly", "food_type": 9, "price": 310, "is_active": true}}, {"model": "menu.fooditem", "pk": 35, "fields": {"name": "French Fries", "food_type": 9, "price": 255, "is_active": true}}, {"model": "menu.fooditem", "pk": 36, "fields": {"name": "Mushroom Chilly", "food_type": 9, "price": 285, "is_active": true}}, {"model": "menu.fooditem", "pk": 37, "fields": {"name": "Paneer Chilly", "food_type": 9, "price": 270, "is_active": true}}, {"model": "menu.fooditem", "pk": 38, "fields": {"name": "Chicken C Mo:Mo", "food_type": 10, "price": 275, "is_active": true}}, {"model": "menu.fooditem", "pk": 39, "fields": {"name": "Chicken Chowmein", "food_type": 10, "price": 270, "is_active": true}}, {"model": "menu.fooditem", "pk": 40, "fields": {"name": "Chicken Fried Mo:Mo", "food_type": 10, "price": 275, "is_active": true}}, {"model": "menu.fooditem", "pk": 41, "fields": {"name": "Chicken Jhol Mo:Mo", "food_type": 10, "price": 290, "is_active": true}}, {"model": "menu.fooditem", "pk": 42, "fields": {"name": "Buff C Momo", "food_type": 10, "price": 200, "is_active": true}}, {"model": "menu.fooditem", "pk": 43, "fields": {"name": "Buff Chowmein", "food_type": 10, "price": 180, "is_active": true}}, {"model": "menu.fooditem", "pk": 44, "fields": {"name": "Fish Manchurian", "food_type": 10, "price": 380, "is_active": true}}, {"model": "menu.fooditem", "pk": 45, "fields": {"name": "Mixed Fired Rice", "food_type": 10, "price": 310, "is_active": true}}, {"model": "menu.fooditem", "pk": 46, "fields": {"name": "Chicken Biryani", "food_type": 11, "price": 400, "is_active": true}}, {"model": "menu.fooditem", "pk": 47, "fields": {"name": "Chicken Butter Masala", "food_type": 11, "price": 400, "is_active": true}}, {"model": "menu.fooditem", "pk": 48, "fields": {"name": "Jeera Rice", "food_type": 11, "price": 160, "is_active": true}}, {"model": "menu.fooditem", "pk": 49, "fields": {"name": "Mutton Biryani", "food_type": 11, "price": 490, "is_active": true}}, {"model": "menu.fooditem", "pk": 50, "fields": {"name": "Plain Rice", "food_type": 11, "price": 120, "is_active": true}}, {"model": "menu.fooditem", "pk": 51, "fields": {"name": "Paneer Tikka", "food_type": 11, "price": 280, "is_active": true}}, {"model": "menu.fooditem", "pk": 52, "fields": {"name": "Al Forno Chicken", "food_type": 12, "price": 570, "is_active": true}}, {"model": "menu.fooditem", "pk": 53, "fields": {"name": "Al Forno Veg", "food_type": 12, "price": 490, "is_active": true}}, {"model": "menu.fooditem", "pk": 54, "fields": {"name": "Alfredo", "food_type": 12, "price": 450, "is_active": true}}, {"model": "menu.fooditem", "pk": 55, "fields": {"name": "Spaghetti Bolognaise", "food_type": 12, "price": 545, "is_active": true}}, {"model": "menu.fooditem", "pk": 56, "fields": {"name": "Veg Spaghetti", "food_type": 12, "price": 390, "is_active": true}}, {"model": "menu.fooditem", "pk": 57, "fields": {"name": "Barbeque Chicken Pizza", "food_type": 13, "price": 590, "is_active": true}}, {"model": "menu.fooditem", "pk": 58, "fields": {"name": "Cheese Burst Chicken Pizza", "food_type": 13, "price": 750, "is_active": true}}, {"model": "menu.fooditem", "pk": 59, "fields": {"name": "Cheese Burst Veg Pizza", "food_type": 13, "price": 700, "is_active": true}}, {"model": "menu.fooditem", "pk": 60, "fields": {"name": "Fungi Mushroom Pizza", "food_type": 13, "price": 550, "is_active": true}}, {"model": "menu.fooditem", "pk": 61, "fields": {"name": "Paneer Pizza", "food_type": 13, "price": 550, "is_active": true}}, {"model": "menu.fooditem", "pk": 62, "fields": {"name": "Chicken and Cheese Burger", "food_type": 14, "price": 450, "is_active": true}}, {"model": "menu.fooditem", "pk": 63, "fields": {"name": "Chicken Sandwich", "food_type": 14, "price": 385, "is_active": true}}, {"model": "menu.fooditem", "pk": 64, "fields": {"name": "Club Sandwich", "food_type": 14, "price": 490, "is_active": true}}, {"model": "menu.fooditem", "pk": 65, "fields": {"name": "Crispy Chicken Burger", "food_type": 14, "price": 475, "is_active": true}}, {"model": "menu.fooditem", "pk": 66, "fields": {"name": "Grilled Chicken Burger", "food_type": 14, "price": 320, "is_active": true}}, {"model": "menu.fooditem", "pk": 67, "fields": {"name": "Veg Cheese Burger served with French Fries", "food_type": 14, "price": 395, "is_active": true}}, {"model": "menu.order", "pk": 2, "fields": {"is_done": true, "timestamp": "2019-06-19T04:21:51.858Z"}}, {"model": "menu.order", "pk": 3, "fields": {"is_done": true, "timestamp": "2019-06-19T04:21:55.572Z"}}, {"model": "menu.order", "pk": 4, "fields": {"is_done": true, "timestamp": "2019-06-19T04:22:03.057Z"}}, {"model": "menu.order", "pk": 5, "fields": {"is_done": true, "timestamp": "2019-06-19T04:22:19.022Z"}}, {"model": "menu.order", "pk": 6, "fields": {"is_done": true, "timestamp": "2019-06-19T04:22:21.984Z"}}, {"model": "menu.order", "pk": 7, "fields": {"is_done": true, "timestamp": "2019-06-19T04:22:24.613Z"}}, {"model": "menu.order", "pk": 8, "fields": {"is_done": true, "timestamp": "2019-06-19T04:22:26.803Z"}}, {"model": "menu.order", "pk": 9, "fields": {"is_done": true, "timestamp": "2019-06-19T04:22:30.026Z"}}, {"model": "menu.order", "pk": 10, "fields": {"is_done": true, "timestamp": "2019-06-19T04:22:32.171Z"}}, {"model": "menu.order", "pk": 11, "fields": {"is_done": true, "timestamp": "2019-06-19T04:22:34.506Z"}}, {"model": "menu.order", "pk": 12, "fields": {"is_done": true, "timestamp": "2019-06-20T02:31:49.968Z"}}, {"model": "menu.order", "pk": 13, "fields": {"is_done": true, "timestamp": "2019-06-20T02:32:35.601Z"}}, {"model": "menu.order", "pk": 14, "fields": {"is_done": true, "timestamp": "2019-06-20T02:32:39.817Z"}}, {"model": "menu.order", "pk": 15, "fields": {"is_done": true, "timestamp": "2019-06-20T02:41:18.595Z"}}, {"model": "menu.order", "pk": 16, "fields": {"is_done": true, "timestamp": "2019-06-20T02:43:08.395Z"}}, {"model": "menu.order", "pk": 17, "fields": {"is_done": true, "timestamp": "2019-06-20T03:15:57.649Z"}}, {"model": "menu.order", "pk": 18, "fields": {"is_done": true, "timestamp": "2019-06-20T03:38:12.921Z"}}, {"model": "menu.order", "pk": 19, "fields": {"is_done": true, "timestamp": "2019-06-20T03:38:18.210Z"}}, {"model": "menu.order", "pk": 20, "fields": {"is_done": true, "timestamp": "2019-06-20T03:49:54.320Z"}}, {"model": "menu.order", "pk": 21, "fields": {"is_done": true, "timestamp": "2019-07-01T03:27:42.765Z"}}, {"model": "menu.order", "pk": 22, "fields": {"is_done": true, "timestamp": "2019-07-01T03:52:41.425Z"}}, {"model": "menu.order", "pk": 23, "fields": {"is_done": true, "timestamp": "2019-07-01T03:52:47.068Z"}}, {"model": "menu.order", "pk": 24, "fields": {"is_done": true, "timestamp": "2019-07-01T03:58:22.284Z"}}, {"model": "menu.order", "pk": 25, "fields": {"is_done": true, "timestamp": "2019-07-01T03:58:24.419Z"}}, {"model": "menu.order", "pk": 26, "fields": {"is_done": true, "timestamp": "2019-07-01T03:58:27.214Z"}}, {"model": "menu.order", "pk": 27, "fields": {"is_done": true, "timestamp": "2019-07-01T03:58:29.445Z"}}, {"model": "menu.order", "pk": 28, "fields": {"is_done": true, "timestamp": "2019-07-01T03:58:31.552Z"}}, {"model": "menu.order", "pk": 29, "fields": {"is_done": true, "timestamp": "2019-07-01T03:59:13.757Z"}}, {"model": "menu.order", "pk": 30, "fields": {"is_done": true, "timestamp": "2019-07-01T04:28:58.180Z"}}, {"model": "menu.order", "pk": 31, "fields": {"is_done": true, "timestamp": "2019-07-01T04:29:06.242Z"}}, {"model": "menu.order", "pk": 32, "fields": {"is_done": true, "timestamp": "2019-07-01T06:49:41.870Z"}}, {"model": "menu.order", "pk": 33, "fields": {"is_done": true, "timestamp": "2019-07-01T06:49:59.322Z"}}, {"model": "menu.order", "pk": 34, "fields": {"is_done": true, "timestamp": "2019-07-01T06:50:04.231Z"}}, {"model": "menu.order", "pk": 35, "fields": {"is_done": true, "timestamp": "2019-07-01T06:50:06.028Z"}}, {"model": "menu.order", "pk": 36, "fields": {"is_done": true, "timestamp": "2019-07-01T06:50:07.699Z"}}, {"model": "menu.order", "pk": 37, "fields": {"is_done": true, "timestamp": "2019-07-01T10:19:28.509Z"}}, {"model": "menu.order", "pk": 38, "fields": {"is_done": true, "timestamp": "2019-07-01T10:19:32.820Z"}}, {"model": "menu.order", "pk": 39, "fields": {"is_done": true, "timestamp": "2019-07-02T03:31:48.298Z"}}, {"model": "menu.order", "pk": 40, "fields": {"is_done": true, "timestamp": "2019-07-02T05:04:51.815Z"}}, {"model": "menu.order", "pk": 41, "fields": {"is_done": true, "timestamp": "2019-07-02T09:02:46.044Z"}}, {"model": "menu.order", "pk": 42, "fields": {"is_done": true, "timestamp": "2019-07-02T09:36:30.763Z"}}, {"model": "menu.order", "pk": 43, "fields": {"is_done": true, "timestamp": "2019-07-02T10:18:33.532Z"}}, {"model": "menu.order", "pk": 44, "fields": {"is_done": true, "timestamp": "2019-07-02T10:23:44.072Z"}}, {"model": "menu.order", "pk": 45, "fields": {"is_done": true, "timestamp": "2019-07-02T10:23:59.508Z"}}, {"model": "menu.order", "pk": 46, "fields": {"is_done": true, "timestamp": "2019-07-02T13:33:23.930Z"}}, {"model": "menu.order", "pk": 47, "fields": {"is_done": false, "timestamp": "2019-07-02T13:45:22.998Z"}}, {"model": "menu.order", "pk": 48, "fields": {"is_done": false, "timestamp": "2019-07-02T16:22:57.376Z"}}, {"model": "menu.order", "pk": 49, "fields": {"is_done": false, "timestamp": "2019-07-02T16:51:32.212Z"}}, {"model": "menu.order", "pk": 50, "fields": {"is_done": false, "timestamp": "2019-07-26T10:57:31.554Z"}}, {"model": "menu.ordereditem", "pk": 172, "fields": {"order": 42, "food_item": 25}}, {"model": "menu.ordereditem", "pk": 173, "fields": {"order": 42, "food_item": 26}}, {"model": "menu.ordereditem", "pk": 174, "fields": {"order": 42, "food_item": 27}}, {"model": "menu.ordereditem", "pk": 175, "fields": {"order": 42, "food_item": 28}}, {"model": "menu.ordereditem", "pk": 176, "fields": {"order": 43, "food_item": 30}}, {"model": "menu.ordereditem", "pk": 177, "fields": {"order": 43, "food_item": 30}}, {"model": "menu.ordereditem", "pk": 178, "fields": {"order": 43, "food_item": 31}}, {"model": "menu.ordereditem", "pk": 179, "fields": {"order": 43, "food_item": 33}}, {"model": "menu.ordereditem", "pk": 180, "fields": {"order": 43, "food_item": 35}}, {"model": "menu.ordereditem", "pk": 181, "fields": {"order": 43, "food_item": 38}}, {"model": "menu.ordereditem", "pk": 182, "fields": {"order": 44, "food_item": 30}}, {"model": "menu.ordereditem", "pk": 183, "fields": {"order": 44, "food_item": 30}}, {"model": "menu.ordereditem", "pk": 184, "fields": {"order": 44, "food_item": 33}}, {"model": "menu.ordereditem", "pk": 185, "fields": {"order": 44, "food_item": 33}}, {"model": "menu.ordereditem", "pk": 186, "fields": {"order": 44, "food_item": 36}}, {"model": "menu.ordereditem", "pk": 187, "fields": {"order": 44, "food_item": 38}}, {"model": "menu.ordereditem", "pk": 188, "fields": {"order": 46, "food_item": 30}}, {"model": "menu.ordereditem", "pk": 189, "fields": {"order": 46, "food_item": 33}}, {"model": "menu.ordereditem", "pk": 190, "fields": {"order": 46, "food_item": 42}}, {"model": "menu.ordereditem", "pk": 191, "fields": {"order": 46, "food_item": 60}}, {"model": "menu.ordereditem", "pk": 192, "fields": {"order": 46, "food_item": 67}}, {"model": "menu.ordereditem", "pk": 193, "fields": {"order": 46, "food_item": 30}}, {"model": "menu.ordereditem", "pk": 194, "fields": {"order": 46, "food_item": 60}}, {"model": "menu.ordereditem", "pk": 195, "fields": {"order": 46, "food_item": 58}}, {"model": "menu.ordereditem", "pk": 196, "fields": {"order": 46, "food_item": 45}}, {"model": "menu.ordereditem", "pk": 197, "fields": {"order": 47, "food_item": 27}}, {"model": "menu.ordereditem", "pk": 198, "fields": {"order": 47, "food_item": 26}}, {"model": "menu.ordereditem", "pk": 199, "fields": {"order": 47, "food_item": 32}}, {"model": "menu.ordereditem", "pk": 200, "fields": {"order": 47, "food_item": 31}}, {"model": "menu.ordereditem", "pk": 201, "fields": {"order": 47, "food_item": 35}}, {"model": "menu.ordereditem", "pk": 202, "fields": {"order": 47, "food_item": 39}}, {"model": "menu.ordereditem", "pk": 203, "fields": {"order": 47, "food_item": 45}}, {"model": "menu.ordereditem", "pk": 204, "fields": {"order": 48, "food_item": 61}}, {"model": "menu.ordereditem", "pk": 205, "fields": {"order": 48, "food_item": 60}}, {"model": "menu.ordereditem", "pk": 206, "fields": {"order": 48, "food_item": 59}}, {"model": "menu.ordereditem", "pk": 207, "fields": {"order": 48, "food_item": 46}}, {"model": "menu.ordereditem", "pk": 208, "fields": {"order": 48, "food_item": 48}}, {"model": "menu.ordereditem", "pk": 209, "fields": {"order": 48, "food_item": 42}}, {"model": "menu.ordereditem", "pk": 210, "fields": {"order": 49, "food_item": 32}}, {"model": "menu.ordereditem", "pk": 211, "fields": {"order": 49, "food_item": 30}}, {"model": "menu.ordereditem", "pk": 212, "fields": {"order": 49, "food_item": 34}}, {"model": "menu.ordereditem", "pk": 213, "fields": {"order": 49, "food_item": 37}}, {"model": "menu.ordereditem", "pk": 214, "fields": {"order": 49, "food_item": 38}}, {"model": "menu.ordereditem", "pk": 215, "fields": {"order": 49, "food_item": 47}}, {"model": "menu.ordereditem", "pk": 216, "fields": {"order": 49, "food_item": 56}}, {"model": "menu.ordereditem", "pk": 217, "fields": {"order": 49, "food_item": 60}}, {"model": "menu.ordereditem", "pk": 218, "fields": {"order": 49, "food_item": 67}}, {"model": "menu.ordereditem", "pk": 219, "fields": {"order": 50, "food_item": 66}}, {"model": "menu.ordereditem", "pk": 220, "fields": {"order": 50, "food_item": 65}}, {"model": "menu.ordereditem", "pk": 221, "fields": {"order": 50, "food_item": 25}}, {"model": "menu.ordereditem", "pk": 222, "fields": {"order": 50, "food_item": 34}}, {"model": "menu.ordereditem", "pk": 223, "fields": {"order": 50, "food_item": 36}}, {"model": "menu.ordereditem", "pk": 224, "fields": {"order": 50, "food_item": 36}}, {"model": "auth.permission", "pk": 1, "fields": {"name": "Can add log entry", "content_type": 1, "codename": "add_logentry"}}, {"model": "auth.permission", "pk": 2, "fields": {"name": "Can change log entry", "content_type": 1, "codename": "change_logentry"}}, {"model": "auth.permission", "pk": 3, "fields": {"name": "Can delete log entry", "content_type": 1, "codename": "delete_logentry"}}, {"model": "auth.permission", "pk": 4, "fields": {"name": "Can view log entry", "content_type": 1, "codename": "view_logentry"}}, {"model": "auth.permission", "pk": 5, "fields": {"name": "Can add permission", "content_type": 2, "codename": "add_permission"}}, {"model": "auth.permission", "pk": 6, "fields": {"name": "Can change permission", "content_type": 2, "codename": "change_permission"}}, {"model": "auth.permission", "pk": 7, "fields": {"name": "Can delete permission", "content_type": 2, "codename": "delete_permission"}}, {"model": "auth.permission", "pk": 8, "fields": {"name": "Can view permission", "content_type": 2, "codename": "view_permission"}}, {"model": "auth.permission", "pk": 9, "fields": {"name": "Can add group", "content_type": 3, "codename": "add_group"}}, {"model": "auth.permission", "pk": 10, "fields": {"name": "Can change group", "content_type": 3, "codename": "change_group"}}, {"model": "auth.permission", "pk": 11, "fields": {"name": "Can delete group", "content_type": 3, "codename": "delete_group"}}, {"model": "auth.permission", "pk": 12, "fields": {"name": "Can view group", "content_type": 3, "codename": "view_group"}}, {"model": "auth.permission", "pk": 13, "fields": {"name": "Can add content type", "content_type": 4, "codename": "add_contenttype"}}, {"model": "auth.permission", "pk": 14, "fields": {"name": "Can change content type", "content_type": 4, "codename": "change_contenttype"}}, {"model": "auth.permission", "pk": 15, "fields": {"name": "Can delete content type", "content_type": 4, "codename": "delete_contenttype"}}, {"model": "auth.permission", "pk": 16, "fields": {"name": "Can view content type", "content_type": 4, "codename": "view_contenttype"}}, {"model": "auth.permission", "pk": 17, "fields": {"name": "Can add session", "content_type": 5, "codename": "add_session"}}, {"model": "auth.permission", "pk": 18, "fields": {"name": "Can change session", "content_type": 5, "codename": "change_session"}}, {"model": "auth.permission", "pk": 19, "fields": {"name": "Can delete session", "content_type": 5, "codename": "delete_session"}}, {"model": "auth.permission", "pk": 20, "fields": {"name": "Can view session", "content_type": 5, "codename": "view_session"}}, {"model": "auth.permission", "pk": 21, "fields": {"name": "Can add user", "content_type": 6, "codename": "add_customuser"}}, {"model": "auth.permission", "pk": 22, "fields": {"name": "Can change user", "content_type": 6, "codename": "change_customuser"}}, {"model": "auth.permission", "pk": 23, "fields": {"name": "Can delete user", "content_type": 6, "codename": "delete_customuser"}}, {"model": "auth.permission", "pk": 24, "fields": {"name": "Can view user", "content_type": 6, "codename": "view_customuser"}}, {"model": "auth.permission", "pk": 25, "fields": {"name": "Can add food item", "content_type": 7, "codename": "add_fooditem"}}, {"model": "auth.permission", "pk": 26, "fields": {"name": "Can change food item", "content_type": 7, "codename": "change_fooditem"}}, {"model": "auth.permission", "pk": 27, "fields": {"name": "Can delete food item", "content_type": 7, "codename": "delete_fooditem"}}, {"model": "auth.permission", "pk": 28, "fields": {"name": "Can view food item", "content_type": 7, "codename": "view_fooditem"}}, {"model": "auth.permission", "pk": 29, "fields": {"name": "Can add food type", "content_type": 8, "codename": "add_foodtype"}}, {"model": "auth.permission", "pk": 30, "fields": {"name": "Can change food type", "content_type": 8, "codename": "change_foodtype"}}, {"model": "auth.permission", "pk": 31, "fields": {"name": "Can delete food type", "content_type": 8, "codename": "delete_foodtype"}}, {"model": "auth.permission", "pk": 32, "fields": {"name": "Can view food type", "content_type": 8, "codename": "view_foodtype"}}, {"model": "auth.permission", "pk": 33, "fields": {"name": "Can add order", "content_type": 9, "codename": "add_order"}}, {"model": "auth.permission", "pk": 34, "fields": {"name": "Can change order", "content_type": 9, "codename": "change_order"}}, {"model": "auth.permission", "pk": 35, "fields": {"name": "Can delete order", "content_type": 9, "codename": "delete_order"}}, {"model": "auth.permission", "pk": 36, "fields": {"name": "Can view order", "content_type": 9, "codename": "view_order"}}, {"model": "auth.permission", "pk": 37, "fields": {"name": "Can add ordered item", "content_type": 10, "codename": "add_ordereditem"}}, {"model": "auth.permission", "pk": 38, "fields": {"name": "Can change ordered item", "content_type": 10, "codename": "change_ordereditem"}}, {"model": "auth.permission", "pk": 39, "fields": {"name": "Can delete ordered item", "content_type": 10, "codename": "delete_ordereditem"}}, {"model": "auth.permission", "pk": 40, "fields": {"name": "Can view ordered item", "content_type": 10, "codename": "view_ordereditem"}}, {"model": "menu.customuser", "pk": 1, "fields": {"password": "pbkdf2_sha256$120000$gRV6bcnz5AbD$XmV7dL4zNS470Mr6VQ0uTd1G5bCv1CdUhhvW+ws/ttU=", "last_login": "2019-06-20T02:48:51.454Z", "is_superuser": true, "username": "irfan", "first_name": "", "last_name": "", "email": "", "is_staff": true, "is_active": true, "date_joined": "2019-06-19T03:39:32Z", "uuid": "7d1c8008-0aed-4934-976e-4de4576da9b2", "table_number": 1, "groups": [], "user_permissions": []}}, {"model": "menu.customuser", "pk": 2, "fields": {"password": "pbkdf2_sha256$120000$orTsZbynLvF4$MNIwy5tif04xsEMoFliuQX27vr2jtPMzps/Z7e0xKnA=", "last_login": "2019-06-19T11:59:03Z", "is_superuser": true, "username": "nick", "first_name": "", "last_name": "", "email": "nicklehom@gmail.com", "is_staff": true, "is_active": true, "date_joined": "2019-06-19T11:58:29Z", "uuid": "99ae188f-9715-48c8-be51-a323096d3f84", "table_number": 2, "groups": [], "user_permissions": []}}, {"model": "admin.logentry", "pk": 1, "fields": {"action_time": "2019-06-19T03:44:50.128Z", "user": 1, "content_type": 9, "object_id": "1", "object_repr": "Order object (1)", "action_flag": 1, "change_message": "[{\"added\": {}}]"}}, {"model": "admin.logentry", "pk": 2, "fields": {"action_time": "2019-06-19T03:44:58.722Z", "user": 1, "content_type": 9, "object_id": "1", "object_repr": "Order object (1)", "action_flag": 3, "change_message": ""}}, {"model": "admin.logentry", "pk": 3, "fields": {"action_time": "2019-06-19T11:59:37.230Z", "user": 2, "content_type": 8, "object_id": "1", "object_repr": "MO:MO:", "action_flag": 1, "change_message": "[{\"added\": {}}]"}}, {"model": "admin.logentry", "pk": 4, "fields": {"action_time": "2019-06-19T11:59:55.366Z", "user": 2, "content_type": 8, "object_id": "2", "object_repr": "Burger", "action_flag": 1, "change_message": "[{\"added\": {}}]"}}, {"model": "admin.logentry", "pk": 5, "fields": {"action_time": "2019-06-19T12:00:03.184Z", "user": 2, "content_type": 8, "object_id": "3", "object_repr": "Sandwich", "action_flag": 1, "change_message": "[{\"added\": {}}]"}}, {"model": "admin.logentry", "pk": 6, "fields": {"action_time": "2019-06-19T12:00:30.650Z", "user": 2, "content_type": 8, "object_id": "4", "object_repr": "SoftDrink", "action_flag": 1, "change_message": "[{\"added\": {}}]"}}, {"model": "admin.logentry", "pk": 7, "fields": {"action_time": "2019-06-19T12:00:39.968Z", "user": 2, "content_type": 8, "object_id": "5", "object_repr": "Hard Drink", "action_flag": 1, "change_message": "[{\"added\": {}}]"}}, {"model": "admin.logentry", "pk": 8, "fields": {"action_time": "2019-06-19T12:01:03.278Z", "user": 2, "content_type": 8, "object_id": "6", "object_repr": "Khana Set", "action_flag": 1, "change_message": "[{\"added\": {}}]"}}, {"model": "admin.logentry", "pk": 9, "fields": {"action_time": "2019-06-19T12:01:53.828Z", "user": 2, "content_type": 7, "object_id": "1", "object_repr": "FoodItem object (1)", "action_flag": 1, "change_message": "[{\"added\": {}}]"}}, {"model": "admin.logentry", "pk": 10, "fields": {"action_time": "2019-06-19T12:02:15.600Z", "user": 2, "content_type": 7, "object_id": "2", "object_repr": "FoodItem object (2)", "action_flag": 1, "change_message": "[{\"added\": {}}]"}}, {"model": "admin.logentry", "pk": 11, "fields": {"action_time": "2019-06-19T12:02:37.728Z", "user": 2, "content_type": 7, "object_id": "3", "object_repr": "FoodItem object (3)", "action_flag": 1, "change_message": "[{\"added\": {}}]"}}, {"model": "admin.logentry", "pk": 12, "fields": {"action_time": "2019-06-19T12:03:06.941Z", "user": 2, "content_type": 7, "object_id": "4", "object_repr": "FoodItem object (4)", "action_flag": 1, "change_message": "[{\"added\": {}}]"}}, {"model": "admin.logentry", "pk": 13, "fields": {"action_time": "2019-06-19T12:03:55.863Z", "user": 2, "content_type": 7, "object_id": "5", "object_repr": "FoodItem object (5)", "action_flag": 1, "change_message": "[{\"added\": {}}]"}}, {"model": "admin.logentry", "pk": 14, "fields": {"action_time": "2019-06-19T12:04:09.470Z", "user": 2, "content_type": 7, "object_id": "6", "object_repr": "FoodItem object (6)", "action_flag": 1, "change_message": "[{\"added\": {}}]"}}, {"model": "admin.logentry", "pk": 15, "fields": {"action_time": "2019-06-19T12:04:44.587Z", "user": 2, "content_type": 7, "object_id": "7", "object_repr": "FoodItem object (7)", "action_flag": 1, "change_message": "[{\"added\": {}}]"}}, {"model": "admin.logentry", "pk": 16, "fields": {"action_time": "2019-06-19T12:05:11.729Z", "user": 2, "content_type": 7, "object_id": "8", "object_repr": "FoodItem object (8)", "action_flag": 1, "change_message": "[{\"added\": {}}]"}}, {"model": "admin.logentry", "pk": 17, "fields": {"action_time": "2019-06-19T12:05:34.858Z", "user": 2, "content_type": 7, "object_id": "9", "object_repr": "FoodItem object (9)", "action_flag": 1, "change_message": "[{\"added\": {}}]"}}, {"model": "admin.logentry", "pk": 18, "fields": {"action_time": "2019-06-19T12:05:57.790Z", "user": 2, "content_type": 7, "object_id": "10", "object_repr": "FoodItem object (10)", "action_flag": 1, "change_message": "[{\"added\": {}}]"}}, {"model": "admin.logentry", "pk": 19, "fields": {"action_time": "2019-06-19T12:08:59.358Z", "user": 2, "content_type": 7, "object_id": "11", "object_repr": "Coke", "action_flag": 1, "change_message": "[{\"added\": {}}]"}}, {"model": "admin.logentry", "pk": 20, "fields": {"action_time": "2019-06-19T12:09:14.245Z", "user": 2, "content_type": 7, "object_id": "12", "object_repr": "Fanta", "action_flag": 1, "change_message": "[{\"added\": {}}]"}}, {"model": "admin.logentry", "pk": 21, "fields": {"action_time": "2019-06-19T12:09:30.371Z", "user": 2, "content_type": 7, "object_id": "13", "object_repr": "Sprite", "action_flag": 1, "change_message": "[{\"added\": {}}]"}}, {"model": "admin.logentry", "pk": 22, "fields": {"action_time": "2019-06-19T12:10:25.293Z", "user": 2, "content_type": 7, "object_id": "14", "object_repr": "Black Label", "action_flag": 1, "change_message": "[{\"added\": {}}]"}}, {"model": "admin.logentry", "pk": 23, "fields": {"action_time": "2019-06-19T12:11:11.358Z", "user": 2, "content_type": 7, "object_id": "15", "object_repr": "Red Label", "action_flag": 1, "change_message": "[{\"added\": {}}]"}}, {"model": "admin.logentry", "pk": 24, "fields": {"action_time": "2019-06-19T12:11:34.159Z", "user": 2, "content_type": 7, "object_id": "16", "object_repr": "8848 Vodka", "action_flag": 1, "change_message": "[{\"added\": {}}]"}}, {"model": "admin.logentry", "pk": 25, "fields": {"action_time": "2019-06-19T12:11:55.185Z", "user": 2, "content_type": 7, "object_id": "17", "object_repr": "Chicken Khana Set", "action_flag": 1, "change_message": "[{\"added\": {}}]"}}, {"model": "admin.logentry", "pk": 26, "fields": {"action_time": "2019-06-19T12:12:21.638Z", "user": 2, "content_type": 7, "object_id": "18", "object_repr": "Veg Khana Set", "action_flag": 1, "change_message": "[{\"added\": {}}]"}}, {"model": "admin.logentry", "pk": 27, "fields": {"action_time": "2019-06-19T12:12:41.041Z", "user": 2, "content_type": 7, "object_id": "19", "object_repr": "Mutton Khana Set", "action_flag": 1, "change_message": "[{\"added\": {}}]"}}, {"model": "admin.logentry", "pk": 28, "fields": {"action_time": "2019-06-20T02:45:51.431Z", "user": 1, "content_type": 6, "object_id": "3", "object_repr": "irfan", "action_flag": 1, "change_message": "[{\"added\": {}}]"}}, {"model": "admin.logentry", "pk": 29, "fields": {"action_time": "2019-06-20T02:47:29.141Z", "user": 1, "content_type": 6, "object_id": "3", "object_repr": "irfan", "action_flag": 3, "change_message": ""}}, {"model": "admin.logentry", "pk": 30, "fields": {"action_time": "2019-06-20T02:47:48.181Z", "user": 1, "content_type": 6, "object_id": "1", "object_repr": "irfan", "action_flag": 2, "change_message": "[{\"changed\": {\"fields\": [\"username\", \"table_number\"]}}]"}}, {"model": "admin.logentry", "pk": 31, "fields": {"action_time": "2019-06-20T02:48:42.843Z", "user": 1, "content_type": 6, "object_id": "2", "object_repr": "nick", "action_flag": 2, "change_message": "[{\"changed\": {\"fields\": [\"table_number\"]}}]"}}, {"model": "admin.logentry", "pk": 32, "fields": {"action_time": "2019-07-02T09:06:07.040Z", "user": 1, "content_type": 8, "object_id": "7", "object_repr": "Steal the Deal", "action_flag": 1, "change_message": "[{\"added\": {}}]"}}, {"model": "admin.logentry", "pk": 33, "fields": {"action_time": "2019-07-02T09:06:11.622Z", "user": 1, "content_type": 8, "object_id": "8", "object_repr": "Salad", "action_flag": 1, "change_message": "[{\"added\": {}}]"}}, {"model": "admin.logentry", "pk": 34, "fields": {"action_time": "2019-07-02T09:06:28.471Z", "user": 1, "content_type": 8, "object_id": "9", "object_repr": "Corner Bites", "action_flag": 1, "change_message": "[{\"added\": {}}]"}}, {"model": "admin.logentry", "pk": 35, "fields": {"action_time": "2019-07-02T09:06:57.651Z", "user": 1, "content_type": 8, "object_id": "10", "object_repr": "Mo:Mo / Chowmein & Fired Rice", "action_flag": 1, "change_message": "[{\"added\": {}}]"}}, {"model": "admin.logentry", "pk": 36, "fields": {"action_time": "2019-07-02T09:07:06.011Z", "user": 1, "content_type": 8, "object_id": "11", "object_repr": "Indian Tadka", "action_flag": 1, "change_message": "[{\"added\": {}}]"}}, {"model": "admin.logentry", "pk": 37, "fields": {"action_time": "2019-07-02T09:07:10.439Z", "user": 1, "content_type": 8, "object_id": "12", "object_repr": "Pasta", "action_flag": 1, "change_message": "[{\"added\": {}}]"}}, {"model": "admin.logentry", "pk": 38, "fields": {"action_time": "2019-07-02T09:07:14.968Z", "user": 1, "content_type": 8, "object_id": "13", "object_repr": "Pizza", "action_flag": 1, "change_message": "[{\"added\": {}}]"}}, {"model": "admin.logentry", "pk": 39, "fields": {"action_time": "2019-07-02T09:07:23.687Z", "user": 1, "content_type": 8, "object_id": "14", "object_repr": "Burger/Sandwich", "action_flag": 1, "change_message": "[{\"added\": {}}]"}}, {"model": "admin.logentry", "pk": 40, "fields": {"action_time": "2019-07-02T09:07:26.403Z", "user": 1, "content_type": 8, "object_id": "14", "object_repr": "Burger/Sandwich", "action_flag": 2, "change_message": "[]"}}, {"model": "admin.logentry", "pk": 41, "fields": {"action_time": "2019-07-02T09:08:23.802Z", "user": 1, "content_type": 7, "object_id": "20", "object_repr": "Prawn Chilly", "action_flag": 1, "change_message": "[{\"added\": {}}]"}}, {"model": "admin.logentry", "pk": 42, "fields": {"action_time": "2019-07-02T09:08:45.509Z", "user": 1, "content_type": 7, "object_id": "21", "object_repr": "Aloo Chilly", "action_flag": 1, "change_message": "[{\"added\": {}}]"}}, {"model": "admin.logentry", "pk": 43, "fields": {"action_time": "2019-07-02T09:09:17.280Z", "user": 1, "content_type": 7, "object_id": "22", "object_repr": "Chicken Chilly", "action_flag": 1, "change_message": "[{\"added\": {}}]"}}, {"model": "admin.logentry", "pk": 44, "fields": {"action_time": "2019-07-02T09:09:33.146Z", "user": 1, "content_type": 7, "object_id": "23", "object_repr": "Chips Chilly", "action_flag": 1, "change_message": "[{\"added\": {}}]"}}, {"model": "admin.logentry", "pk": 45, "fields": {"action_time": "2019-07-02T09:09:47.613Z", "user": 1, "content_type": 7, "object_id": "24", "object_repr": "Fish Chilly", "action_flag": 1, "change_message": "[{\"added\": {}}]"}}, {"model": "admin.logentry", "pk": 46, "fields": {"action_time": "2019-07-02T09:10:24.639Z", "user": 1, "content_type": 7, "object_id": "19", "object_repr": "Mutton Khana Set", "action_flag": 3, "change_message": ""}}, {"model": "admin.logentry", "pk": 47, "fields": {"action_time": "2019-07-02T09:15:31.472Z", "user": 1, "content_type": 10, "object_id": "171", "object_repr": "OrderedItem object (171)", "action_flag": 3, "change_message": ""}}, {"model": "admin.logentry", "pk": 48, "fields": {"action_time": "2019-07-02T09:15:31.484Z", "user": 1, "content_type": 10, "object_id": "170", "object_repr": "OrderedItem object (170)", "action_flag": 3, "change_message": ""}}, {"model": "admin.logentry", "pk": 49, "fields": {"action_time": "2019-07-02T09:15:31.491Z", "user": 1, "content_type": 10, "object_id": "169", "object_repr": "OrderedItem object (169)", "action_flag": 3, "change_message": ""}}, {"model": "admin.logentry", "pk": 50, "fields": {"action_time": "2019-07-02T09:15:31.499Z", "user": 1, "content_type": 10, "object_id": "168", "object_repr": "OrderedItem object (168)", "action_flag": 3, "change_message": ""}}, {"model": "admin.logentry", "pk": 51, "fields": {"action_time": "2019-07-02T09:15:31.506Z", "user": 1, "content_type": 10, "object_id": "167", "object_repr": "OrderedItem object (167)", "action_flag": 3, "change_message": ""}}, {"model": "admin.logentry", "pk": 52, "fields": {"action_time": "2019-07-02T09:15:31.513Z", "user": 1, "content_type": 10, "object_id": "166", "object_repr": "OrderedItem object (166)", "action_flag": 3, "change_message": ""}}, {"model": "admin.logentry", "pk": 53, "fields": {"action_time": "2019-07-02T09:15:31.521Z", "user": 1, "content_type": 10, "object_id": "165", "object_repr": "OrderedItem object (165)", "action_flag": 3, "change_message": ""}}, {"model": "admin.logentry", "pk": 54, "fields": {"action_time": "2019-07-02T09:15:31.527Z", "user": 1, "content_type": 10, "object_id": "164", "object_repr": "OrderedItem object (164)", "action_flag": 3, "change_message": ""}}, {"model": "admin.logentry", "pk": 55, "fields": {"action_time": "2019-07-02T09:15:31.539Z", "user": 1, "content_type": 10, "object_id": "163", "object_repr": "OrderedItem object (163)", "action_flag": 3, "change_message": ""}}, {"model": "admin.logentry", "pk": 56, "fields": {"action_time": "2019-07-02T09:15:31.547Z", "user": 1, "content_type": 10, "object_id": "162", "object_repr": "OrderedItem object (162)", "action_flag": 3, "change_message": ""}}, {"model": "admin.logentry", "pk": 57, "fields": {"action_time": "2019-07-02T09:15:31.554Z", "user": 1, "content_type": 10, "object_id": "161", "object_repr": "OrderedItem object (161)", "action_flag": 3, "change_message": ""}}, {"model": "admin.logentry", "pk": 58, "fields": {"action_time": "2019-07-02T09:15:31.560Z", "user": 1, "content_type": 10, "object_id": "160", "object_repr": "OrderedItem object (160)", "action_flag": 3, "change_message": ""}}, {"model": "admin.logentry", "pk": 59, "fields": {"action_time": "2019-07-02T09:15:31.567Z", "user": 1, "content_type": 10, "object_id": "159", "object_repr": "OrderedItem object (159)", "action_flag": 3, "change_message": ""}}, {"model": "admin.logentry", "pk": 60, "fields": {"action_time": "2019-07-02T09:15:31.575Z", "user": 1, "content_type": 10, "object_id": "158", "object_repr": "OrderedItem object (158)", "action_flag": 3, "change_message": ""}}, {"model": "admin.logentry", "pk": 61, "fields": {"action_time": "2019-07-02T09:15:31.582Z", "user": 1, "content_type": 10, "object_id": "157", "object_repr": "OrderedItem object (157)", "action_flag": 3, "change_message": ""}}, {"model": "admin.logentry", "pk": 62, "fields": {"action_time": "2019-07-02T09:15:31.588Z", "user": 1, "content_type": 10, "object_id": "156", "object_repr": "OrderedItem object (156)", "action_flag": 3, "change_message": ""}}, {"model": "admin.logentry", "pk": 63, "fields": {"action_time": "2019-07-02T09:15:31.595Z", "user": 1, "content_type": 10, "object_id": "155", "object_repr": "OrderedItem object (155)", "action_flag": 3, "change_message": ""}}, {"model": "admin.logentry", "pk": 64, "fields": {"action_time": "2019-07-02T09:15:31.606Z", "user": 1, "content_type": 10, "object_id": "154", "object_repr": "OrderedItem object (154)", "action_flag": 3, "change_message": ""}}, {"model": "admin.logentry", "pk": 65, "fields": {"action_time": "2019-07-02T09:15:31.613Z", "user": 1, "content_type": 10, "object_id": "153", "object_repr": "OrderedItem object (153)", "action_flag": 3, "change_message": ""}}, {"model": "admin.logentry", "pk": 66, "fields": {"action_time": "2019-07-02T09:15:31.620Z", "user": 1, "content_type": 10, "object_id": "152", "object_repr": "OrderedItem object (152)", "action_flag": 3, "change_message": ""}}, {"model": "admin.logentry", "pk": 67, "fields": {"action_time": "2019-07-02T09:15:31.626Z", "user": 1, "content_type": 10, "object_id": "151", "object_repr": "OrderedItem object (151)", "action_flag": 3, "change_message": ""}}, {"model": "admin.logentry", "pk": 68, "fields": {"action_time": "2019-07-02T09:15:31.634Z", "user": 1, "content_type": 10, "object_id": "150", "object_repr": "OrderedItem object (150)", "action_flag": 3, "change_message": ""}}, {"model": "admin.logentry", "pk": 69, "fields": {"action_time": "2019-07-02T09:15:31.640Z", "user": 1, "content_type": 10, "object_id": "149", "object_repr": "OrderedItem object (149)", "action_flag": 3, "change_message": ""}}, {"model": "admin.logentry", "pk": 70, "fields": {"action_time": "2019-07-02T09:15:31.647Z", "user": 1, "content_type": 10, "object_id": "148", "object_repr": "OrderedItem object (148)", "action_flag": 3, "change_message": ""}}, {"model": "admin.logentry", "pk": 71, "fields": {"action_time": "2019-07-02T09:15:31.655Z", "user": 1, "content_type": 10, "object_id": "147", "object_repr": "OrderedItem object (147)", "action_flag": 3, "change_message": ""}}, {"model": "admin.logentry", "pk": 72, "fields": {"action_time": "2019-07-02T09:15:31.662Z", "user": 1, "content_type": 10, "object_id": "146", "object_repr": "OrderedItem object (146)", "action_flag": 3, "change_message": ""}}, {"model": "admin.logentry", "pk": 73, "fields": {"action_time": "2019-07-02T09:15:31.669Z", "user": 1, "content_type": 10, "object_id": "145", "object_repr": "OrderedItem object (145)", "action_flag": 3, "change_message": ""}}, {"model": "admin.logentry", "pk": 74, "fields": {"action_time": "2019-07-02T09:15:31.677Z", "user": 1, "content_type": 10, "object_id": "144", "object_repr": "OrderedItem object (144)", "action_flag": 3, "change_message": ""}}, {"model": "admin.logentry", "pk": 75, "fields": {"action_time": "2019-07-02T09:15:31.684Z", "user": 1, "content_type": 10, "object_id": "143", "object_repr": "OrderedItem object (143)", "action_flag": 3, "change_message": ""}}, {"model": "admin.logentry", "pk": 76, "fields": {"action_time": "2019-07-02T09:15:31.691Z", "user": 1, "content_type": 10, "object_id": "142", "object_repr": "OrderedItem object (142)", "action_flag": 3, "change_message": ""}}, {"model": "admin.logentry", "pk": 77, "fields": {"action_time": "2019-07-02T09:15:31.699Z", "user": 1, "content_type": 10, "object_id": "141", "object_repr": "OrderedItem object (141)", "action_flag": 3, "change_message": ""}}, {"model": "admin.logentry", "pk": 78, "fields": {"action_time": "2019-07-02T09:15:31.707Z", "user": 1, "content_type": 10, "object_id": "140", "object_repr": "OrderedItem object (140)", "action_flag": 3, "change_message": ""}}, {"model": "admin.logentry", "pk": 79, "fields": {"action_time": "2019-07-02T09:15:31.714Z", "user": 1, "content_type": 10, "object_id": "139", "object_repr": "OrderedItem object (139)", "action_flag": 3, "change_message": ""}}, {"model": "admin.logentry", "pk": 80, "fields": {"action_time": "2019-07-02T09:15:31.721Z", "user": 1, "content_type": 10, "object_id": "138", "object_repr": "OrderedItem object (138)", "action_flag": 3, "change_message": ""}}, {"model": "admin.logentry", "pk": 81, "fields": {"action_time": "2019-07-02T09:15:31.729Z", "user": 1, "content_type": 10, "object_id": "137", "object_repr": "OrderedItem object (137)", "action_flag": 3, "change_message": ""}}, {"model": "admin.logentry", "pk": 82, "fields": {"action_time": "2019-07-02T09:15:31.736Z", "user": 1, "content_type": 10, "object_id": "136", "object_repr": "OrderedItem object (136)", "action_flag": 3, "change_message": ""}}, {"model": "admin.logentry", "pk": 83, "fields": {"action_time": "2019-07-02T09:15:31.744Z", "user": 1, "content_type": 10, "object_id": "135", "object_repr": "OrderedItem object (135)", "action_flag": 3, "change_message": ""}}, {"model": "admin.logentry", "pk": 84, "fields": {"action_time": "2019-07-02T09:15:31.751Z", "user": 1, "content_type": 10, "object_id": "134", "object_repr": "OrderedItem object (134)", "action_flag": 3, "change_message": ""}}, {"model": "admin.logentry", "pk": 85, "fields": {"action_time": "2019-07-02T09:15:31.759Z", "user": 1, "content_type": 10, "object_id": "133", "object_repr": "OrderedItem object (133)", "action_flag": 3, "change_message": ""}}, {"model": "admin.logentry", "pk": 86, "fields": {"action_time": "2019-07-02T09:15:31.766Z", "user": 1, "content_type": 10, "object_id": "132", "object_repr": "OrderedItem object (132)", "action_flag": 3, "change_message": ""}}, {"model": "admin.logentry", "pk": 87, "fields": {"action_time": "2019-07-02T09:15:31.774Z", "user": 1, "content_type": 10, "object_id": "131", "object_repr": "OrderedItem object (131)", "action_flag": 3, "change_message": ""}}, {"model": "admin.logentry", "pk": 88, "fields": {"action_time": "2019-07-02T09:15:31.781Z", "user": 1, "content_type": 10, "object_id": "130", "object_repr": "OrderedItem object (130)", "action_flag": 3, "change_message": ""}}, {"model": "admin.logentry", "pk": 89, "fields": {"action_time": "2019-07-02T09:15:31.788Z", "user": 1, "content_type": 10, "object_id": "129", "object_repr": "OrderedItem object (129)", "action_flag": 3, "change_message": ""}}, {"model": "admin.logentry", "pk": 90, "fields": {"action_time": "2019-07-02T09:15:31.795Z", "user": 1, "content_type": 10, "object_id": "128", "object_repr": "OrderedItem object (128)", "action_flag": 3, "change_message": ""}}, {"model": "admin.logentry", "pk": 91, "fields": {"action_time": "2019-07-02T09:15:31.803Z", "user": 1, "content_type": 10, "object_id": "127", "object_repr": "OrderedItem object (127)", "action_flag": 3, "change_message": ""}}, {"model": "admin.logentry", "pk": 92, "fields": {"action_time": "2019-07-02T09:15:31.810Z", "user": 1, "content_type": 10, "object_id": "126", "object_repr": "OrderedItem object (126)", "action_flag": 3, "change_message": ""}}, {"model": "admin.logentry", "pk": 93, "fields": {"action_time": "2019-07-02T09:15:31.820Z", "user": 1, "content_type": 10, "object_id": "125", "object_repr": "OrderedItem object (125)", "action_flag": 3, "change_message": ""}}, {"model": "admin.logentry", "pk": 94, "fields": {"action_time": "2019-07-02T09:15:31.827Z", "user": 1, "content_type": 10, "object_id": "124", "object_repr": "OrderedItem object (124)", "action_flag": 3, "change_message": ""}}, {"model": "admin.logentry", "pk": 95, "fields": {"action_time": "2019-07-02T09:15:31.833Z", "user": 1, "content_type": 10, "object_id": "123", "object_repr": "OrderedItem object (123)", "action_flag": 3, "change_message": ""}}, {"model": "admin.logentry", "pk": 96, "fields": {"action_time": "2019-07-02T09:15:31.840Z", "user": 1, "content_type": 10, "object_id": "122", "object_repr": "OrderedItem object (122)", "action_flag": 3, "change_message": ""}}, {"model": "admin.logentry", "pk": 97, "fields": {"action_time": "2019-07-02T09:15:31.847Z", "user": 1, "content_type": 10, "object_id": "121", "object_repr": "OrderedItem object (121)", "action_flag": 3, "change_message": ""}}, {"model": "admin.logentry", "pk": 98, "fields": {"action_time": "2019-07-02T09:15:31.855Z", "user": 1, "content_type": 10, "object_id": "120", "object_repr": "OrderedItem object (120)", "action_flag": 3, "change_message": ""}}, {"model": "admin.logentry", "pk": 99, "fields": {"action_time": "2019-07-02T09:15:31.862Z", "user": 1, "content_type": 10, "object_id": "119", "object_repr": "OrderedItem object (119)", "action_flag": 3, "change_message": ""}}, {"model": "admin.logentry", "pk": 100, "fields": {"action_time": "2019-07-02T09:15:31.872Z", "user": 1, "content_type": 10, "object_id": "118", "object_repr": "OrderedItem object (118)", "action_flag": 3, "change_message": ""}}, {"model": "admin.logentry", "pk": 101, "fields": {"action_time": "2019-07-02T09:15:31.879Z", "user": 1, "content_type": 10, "object_id": "117", "object_repr": "OrderedItem object (117)", "action_flag": 3, "change_message": ""}}, {"model": "admin.logentry", "pk": 102, "fields": {"action_time": "2019-07-02T09:15:31.887Z", "user": 1, "content_type": 10, "object_id": "116", "object_repr": "OrderedItem object (116)", "action_flag": 3, "change_message": ""}}, {"model": "admin.logentry", "pk": 103, "fields": {"action_time": "2019-07-02T09:15:31.894Z", "user": 1, "content_type": 10, "object_id": "115", "object_repr": "OrderedItem object (115)", "action_flag": 3, "change_message": ""}}, {"model": "admin.logentry", "pk": 104, "fields": {"action_time": "2019-07-02T09:15:31.902Z", "user": 1, "content_type": 10, "object_id": "114", "object_repr": "OrderedItem object (114)", "action_flag": 3, "change_message": ""}}, {"model": "admin.logentry", "pk": 105, "fields": {"action_time": "2019-07-02T09:15:31.909Z", "user": 1, "content_type": 10, "object_id": "113", "object_repr": "OrderedItem object (113)", "action_flag": 3, "change_message": ""}}, {"model": "admin.logentry", "pk": 106, "fields": {"action_time": "2019-07-02T09:15:31.917Z", "user": 1, "content_type": 10, "object_id": "112", "object_repr": "OrderedItem object (112)", "action_flag": 3, "change_message": ""}}, {"model": "admin.logentry", "pk": 107, "fields": {"action_time": "2019-07-02T09:15:31.925Z", "user": 1, "content_type": 10, "object_id": "111", "object_repr": "OrderedItem object (111)", "action_flag": 3, "change_message": ""}}, {"model": "admin.logentry", "pk": 108, "fields": {"action_time": "2019-07-02T09:15:31.932Z", "user": 1, "content_type": 10, "object_id": "110", "object_repr": "OrderedItem object (110)", "action_flag": 3, "change_message": ""}}, {"model": "admin.logentry", "pk": 109, "fields": {"action_time": "2019-07-02T09:15:31.940Z", "user": 1, "content_type": 10, "object_id": "109", "object_repr": "OrderedItem object (109)", "action_flag": 3, "change_message": ""}}, {"model": "admin.logentry", "pk": 110, "fields": {"action_time": "2019-07-02T09:15:31.947Z", "user": 1, "content_type": 10, "object_id": "108", "object_repr": "OrderedItem object (108)", "action_flag": 3, "change_message": ""}}, {"model": "admin.logentry", "pk": 111, "fields": {"action_time": "2019-07-02T09:15:31.955Z", "user": 1, "content_type": 10, "object_id": "107", "object_repr": "OrderedItem object (107)", "action_flag": 3, "change_message": ""}}, {"model": "admin.logentry", "pk": 112, "fields": {"action_time": "2019-07-02T09:15:31.962Z", "user": 1, "content_type": 10, "object_id": "106", "object_repr": "OrderedItem object (106)", "action_flag": 3, "change_message": ""}}, {"model": "admin.logentry", "pk": 113, "fields": {"action_time": "2019-07-02T09:15:31.969Z", "user": 1, "content_type": 10, "object_id": "105", "object_repr": "OrderedItem object (105)", "action_flag": 3, "change_message": ""}}, {"model": "admin.logentry", "pk": 114, "fields": {"action_time": "2019-07-02T09:15:31.977Z", "user": 1, "content_type": 10, "object_id": "104", "object_repr": "OrderedItem object (104)", "action_flag": 3, "change_message": ""}}, {"model": "admin.logentry", "pk": 115, "fields": {"action_time": "2019-07-02T09:15:31.984Z", "user": 1, "content_type": 10, "object_id": "103", "object_repr": "OrderedItem object (103)", "action_flag": 3, "change_message": ""}}, {"model": "admin.logentry", "pk": 116, "fields": {"action_time": "2019-07-02T09:15:31.992Z", "user": 1, "content_type": 10, "object_id": "102", "object_repr": "OrderedItem object (102)", "action_flag": 3, "change_message": ""}}, {"model": "admin.logentry", "pk": 117, "fields": {"action_time": "2019-07-02T09:15:31.999Z", "user": 1, "content_type": 10, "object_id": "101", "object_repr": "OrderedItem object (101)", "action_flag": 3, "change_message": ""}}, {"model": "admin.logentry", "pk": 118, "fields": {"action_time": "2019-07-02T09:15:32.006Z", "user": 1, "content_type": 10, "object_id": "100", "object_repr": "OrderedItem object (100)", "action_flag": 3, "change_message": ""}}, {"model": "admin.logentry", "pk": 119, "fields": {"action_time": "2019-07-02T09:15:32.013Z", "user": 1, "content_type": 10, "object_id": "99", "object_repr": "OrderedItem object (99)", "action_flag": 3, "change_message": ""}}, {"model": "admin.logentry", "pk": 120, "fields": {"action_time": "2019-07-02T09:15:32.021Z", "user": 1, "content_type": 10, "object_id": "98", "object_repr": "OrderedItem object (98)", "action_flag": 3, "change_message": ""}}, {"model": "admin.logentry", "pk": 121, "fields": {"action_time": "2019-07-02T09:15:32.028Z", "user": 1, "content_type": 10, "object_id": "97", "object_repr": "OrderedItem object (97)", "action_flag": 3, "change_message": ""}}, {"model": "admin.logentry", "pk": 122, "fields": {"action_time": "2019-07-02T09:15:32.035Z", "user": 1, "content_type": 10, "object_id": "96", "object_repr": "OrderedItem object (96)", "action_flag": 3, "change_message": ""}}, {"model": "admin.logentry", "pk": 123, "fields": {"action_time": "2019-07-02T09:15:32.043Z", "user": 1, "content_type": 10, "object_id": "95", "object_repr": "OrderedItem object (95)", "action_flag": 3, "change_message": ""}}, {"model": "admin.logentry", "pk": 124, "fields": {"action_time": "2019-07-02T09:15:32.050Z", "user": 1, "content_type": 10, "object_id": "94", "object_repr": "OrderedItem object (94)", "action_flag": 3, "change_message": ""}}, {"model": "admin.logentry", "pk": 125, "fields": {"action_time": "2019-07-02T09:15:32.057Z", "user": 1, "content_type": 10, "object_id": "93", "object_repr": "OrderedItem object (93)", "action_flag": 3, "change_message": ""}}, {"model": "admin.logentry", "pk": 126, "fields": {"action_time": "2019-07-02T09:15:32.063Z", "user": 1, "content_type": 10, "object_id": "92", "object_repr": "OrderedItem object (92)", "action_flag": 3, "change_message": ""}}, {"model": "admin.logentry", "pk": 127, "fields": {"action_time": "2019-07-02T09:15:32.070Z", "user": 1, "content_type": 10, "object_id": "91", "object_repr": "OrderedItem object (91)", "action_flag": 3, "change_message": ""}}, {"model": "admin.logentry", "pk": 128, "fields": {"action_time": "2019-07-02T09:15:32.076Z", "user": 1, "content_type": 10, "object_id": "90", "object_repr": "OrderedItem object (90)", "action_flag": 3, "change_message": ""}}, {"model": "admin.logentry", "pk": 129, "fields": {"action_time": "2019-07-02T09:15:32.085Z", "user": 1, "content_type": 10, "object_id": "89", "object_repr": "OrderedItem object (89)", "action_flag": 3, "change_message": ""}}, {"model": "admin.logentry", "pk": 130, "fields": {"action_time": "2019-07-02T09:15:32.095Z", "user": 1, "content_type": 10, "object_id": "88", "object_repr": "OrderedItem object (88)", "action_flag": 3, "change_message": ""}}, {"model": "admin.logentry", "pk": 131, "fields": {"action_time": "2019-07-02T09:15:32.102Z", "user": 1, "content_type": 10, "object_id": "87", "object_repr": "OrderedItem object (87)", "action_flag": 3, "change_message": ""}}, {"model": "admin.logentry", "pk": 132, "fields": {"action_time": "2019-07-02T09:15:32.110Z", "user": 1, "content_type": 10, "object_id": "86", "object_repr": "OrderedItem object (86)", "action_flag": 3, "change_message": ""}}, {"model": "admin.logentry", "pk": 133, "fields": {"action_time": "2019-07-02T09:15:32.118Z", "user": 1, "content_type": 10, "object_id": "85", "object_repr": "OrderedItem object (85)", "action_flag": 3, "change_message": ""}}, {"model": "admin.logentry", "pk": 134, "fields": {"action_time": "2019-07-02T09:15:32.126Z", "user": 1, "content_type": 10, "object_id": "84", "object_repr": "OrderedItem object (84)", "action_flag": 3, "change_message": ""}}, {"model": "admin.logentry", "pk": 135, "fields": {"action_time": "2019-07-02T09:15:32.132Z", "user": 1, "content_type": 10, "object_id": "83", "object_repr": "OrderedItem object (83)", "action_flag": 3, "change_message": ""}}, {"model": "admin.logentry", "pk": 136, "fields": {"action_time": "2019-07-02T09:15:32.140Z", "user": 1, "content_type": 10, "object_id": "82", "object_repr": "OrderedItem object (82)", "action_flag": 3, "change_message": ""}}, {"model": "admin.logentry", "pk": 137, "fields": {"action_time": "2019-07-02T09:15:32.147Z", "user": 1, "content_type": 10, "object_id": "81", "object_repr": "OrderedItem object (81)", "action_flag": 3, "change_message": ""}}, {"model": "admin.logentry", "pk": 138, "fields": {"action_time": "2019-07-02T09:15:32.153Z", "user": 1, "content_type": 10, "object_id": "80", "object_repr": "OrderedItem object (80)", "action_flag": 3, "change_message": ""}}, {"model": "admin.logentry", "pk": 139, "fields": {"action_time": "2019-07-02T09:15:32.160Z", "user": 1, "content_type": 10, "object_id": "79", "object_repr": "OrderedItem object (79)", "action_flag": 3, "change_message": ""}}, {"model": "admin.logentry", "pk": 140, "fields": {"action_time": "2019-07-02T09:15:32.169Z", "user": 1, "content_type": 10, "object_id": "78", "object_repr": "OrderedItem object (78)", "action_flag": 3, "change_message": ""}}, {"model": "admin.logentry", "pk": 141, "fields": {"action_time": "2019-07-02T09:15:32.176Z", "user": 1, "content_type": 10, "object_id": "77", "object_repr": "OrderedItem object (77)", "action_flag": 3, "change_message": ""}}, {"model": "admin.logentry", "pk": 142, "fields": {"action_time": "2019-07-02T09:15:32.183Z", "user": 1, "content_type": 10, "object_id": "76", "object_repr": "OrderedItem object (76)", "action_flag": 3, "change_message": ""}}, {"model": "admin.logentry", "pk": 143, "fields": {"action_time": "2019-07-02T09:15:32.189Z", "user": 1, "content_type": 10, "object_id": "75", "object_repr": "OrderedItem object (75)", "action_flag": 3, "change_message": ""}}, {"model": "admin.logentry", "pk": 144, "fields": {"action_time": "2019-07-02T09:15:32.197Z", "user": 1, "content_type": 10, "object_id": "74", "object_repr": "OrderedItem object (74)", "action_flag": 3, "change_message": ""}}, {"model": "admin.logentry", "pk": 145, "fields": {"action_time": "2019-07-02T09:15:32.203Z", "user": 1, "content_type": 10, "object_id": "73", "object_repr": "OrderedItem object (73)", "action_flag": 3, "change_message": ""}}, {"model": "admin.logentry", "pk": 146, "fields": {"action_time": "2019-07-02T09:15:32.210Z", "user": 1, "content_type": 10, "object_id": "72", "object_repr": "OrderedItem object (72)", "action_flag": 3, "change_message": ""}}, {"model": "admin.logentry", "pk": 147, "fields": {"action_time": "2019-07-02T09:15:47.329Z", "user": 1, "content_type": 10, "object_id": "71", "object_repr": "OrderedItem object (71)", "action_flag": 3, "change_message": ""}}, {"model": "admin.logentry", "pk": 148, "fields": {"action_time": "2019-07-02T09:15:47.346Z", "user": 1, "content_type": 10, "object_id": "70", "object_repr": "OrderedItem object (70)", "action_flag": 3, "change_message": ""}}, {"model": "admin.logentry", "pk": 149, "fields": {"action_time": "2019-07-02T09:15:47.363Z", "user": 1, "content_type": 10, "object_id": "69", "object_repr": "OrderedItem object (69)", "action_flag": 3, "change_message": ""}}, {"model": "admin.logentry", "pk": 150, "fields": {"action_time": "2019-07-02T09:15:47.376Z", "user": 1, "content_type": 10, "object_id": "68", "object_repr": "OrderedItem object (68)", "action_flag": 3, "change_message": ""}}, {"model": "admin.logentry", "pk": 151, "fields": {"action_time": "2019-07-02T09:15:47.384Z", "user": 1, "content_type": 10, "object_id": "67", "object_repr": "OrderedItem object (67)", "action_flag": 3, "change_message": ""}}, {"model": "admin.logentry", "pk": 152, "fields": {"action_time": "2019-07-02T09:15:47.391Z", "user": 1, "content_type": 10, "object_id": "66", "object_repr": "OrderedItem object (66)", "action_flag": 3, "change_message": ""}}, {"model": "admin.logentry", "pk": 153, "fields": {"action_time": "2019-07-02T09:15:47.398Z", "user": 1, "content_type": 10, "object_id": "65", "object_repr": "OrderedItem object (65)", "action_flag": 3, "change_message": ""}}, {"model": "admin.logentry", "pk": 154, "fields": {"action_time": "2019-07-02T09:15:47.405Z", "user": 1, "content_type": 10, "object_id": "64", "object_repr": "OrderedItem object (64)", "action_flag": 3, "change_message": ""}}, {"model": "admin.logentry", "pk": 155, "fields": {"action_time": "2019-07-02T09:15:47.411Z", "user": 1, "content_type": 10, "object_id": "63", "object_repr": "OrderedItem object (63)", "action_flag": 3, "change_message": ""}}, {"model": "admin.logentry", "pk": 156, "fields": {"action_time": "2019-07-02T09:15:47.419Z", "user": 1, "content_type": 10, "object_id": "62", "object_repr": "OrderedItem object (62)", "action_flag": 3, "change_message": ""}}, {"model": "admin.logentry", "pk": 157, "fields": {"action_time": "2019-07-02T09:15:47.426Z", "user": 1, "content_type": 10, "object_id": "61", "object_repr": "OrderedItem object (61)", "action_flag": 3, "change_message": ""}}, {"model": "admin.logentry", "pk": 158, "fields": {"action_time": "2019-07-02T09:15:47.434Z", "user": 1, "content_type": 10, "object_id": "60", "object_repr": "OrderedItem object (60)", "action_flag": 3, "change_message": ""}}, {"model": "admin.logentry", "pk": 159, "fields": {"action_time": "2019-07-02T09:15:47.445Z", "user": 1, "content_type": 10, "object_id": "59", "object_repr": "OrderedItem object (59)", "action_flag": 3, "change_message": ""}}, {"model": "admin.logentry", "pk": 160, "fields": {"action_time": "2019-07-02T09:15:47.453Z", "user": 1, "content_type": 10, "object_id": "58", "object_repr": "OrderedItem object (58)", "action_flag": 3, "change_message": ""}}, {"model": "admin.logentry", "pk": 161, "fields": {"action_time": "2019-07-02T09:15:47.460Z", "user": 1, "content_type": 10, "object_id": "57", "object_repr": "OrderedItem object (57)", "action_flag": 3, "change_message": ""}}, {"model": "admin.logentry", "pk": 162, "fields": {"action_time": "2019-07-02T09:15:47.473Z", "user": 1, "content_type": 10, "object_id": "56", "object_repr": "OrderedItem object (56)", "action_flag": 3, "change_message": ""}}, {"model": "admin.logentry", "pk": 163, "fields": {"action_time": "2019-07-02T09:15:47.485Z", "user": 1, "content_type": 10, "object_id": "55", "object_repr": "OrderedItem object (55)", "action_flag": 3, "change_message": ""}}, {"model": "admin.logentry", "pk": 164, "fields": {"action_time": "2019-07-02T09:15:47.495Z", "user": 1, "content_type": 10, "object_id": "54", "object_repr": "OrderedItem object (54)", "action_flag": 3, "change_message": ""}}, {"model": "admin.logentry", "pk": 165, "fields": {"action_time": "2019-07-02T09:15:47.501Z", "user": 1, "content_type": 10, "object_id": "53", "object_repr": "OrderedItem object (53)", "action_flag": 3, "change_message": ""}}, {"model": "admin.logentry", "pk": 166, "fields": {"action_time": "2019-07-02T09:15:47.509Z", "user": 1, "content_type": 10, "object_id": "52", "object_repr": "OrderedItem object (52)", "action_flag": 3, "change_message": ""}}, {"model": "admin.logentry", "pk": 167, "fields": {"action_time": "2019-07-02T09:15:47.516Z", "user": 1, "content_type": 10, "object_id": "51", "object_repr": "OrderedItem object (51)", "action_flag": 3, "change_message": ""}}, {"model": "admin.logentry", "pk": 168, "fields": {"action_time": "2019-07-02T09:15:47.522Z", "user": 1, "content_type": 10, "object_id": "50", "object_repr": "OrderedItem object (50)", "action_flag": 3, "change_message": ""}}, {"model": "admin.logentry", "pk": 169, "fields": {"action_time": "2019-07-02T09:15:47.529Z", "user": 1, "content_type": 10, "object_id": "49", "object_repr": "OrderedItem object (49)", "action_flag": 3, "change_message": ""}}, {"model": "admin.logentry", "pk": 170, "fields": {"action_time": "2019-07-02T09:15:47.537Z", "user": 1, "content_type": 10, "object_id": "48", "object_repr": "OrderedItem object (48)", "action_flag": 3, "change_message": ""}}, {"model": "admin.logentry", "pk": 171, "fields": {"action_time": "2019-07-02T09:15:47.542Z", "user": 1, "content_type": 10, "object_id": "47", "object_repr": "OrderedItem object (47)", "action_flag": 3, "change_message": ""}}, {"model": "admin.logentry", "pk": 172, "fields": {"action_time": "2019-07-02T09:15:47.548Z", "user": 1, "content_type": 10, "object_id": "46", "object_repr": "OrderedItem object (46)", "action_flag": 3, "change_message": ""}}, {"model": "admin.logentry", "pk": 173, "fields": {"action_time": "2019-07-02T09:15:47.555Z", "user": 1, "content_type": 10, "object_id": "45", "object_repr": "OrderedItem object (45)", "action_flag": 3, "change_message": ""}}, {"model": "admin.logentry", "pk": 174, "fields": {"action_time": "2019-07-02T09:15:47.562Z", "user": 1, "content_type": 10, "object_id": "44", "object_repr": "OrderedItem object (44)", "action_flag": 3, "change_message": ""}}, {"model": "admin.logentry", "pk": 175, "fields": {"action_time": "2019-07-02T09:15:47.572Z", "user": 1, "content_type": 10, "object_id": "43", "object_repr": "OrderedItem object (43)", "action_flag": 3, "change_message": ""}}, {"model": "admin.logentry", "pk": 176, "fields": {"action_time": "2019-07-02T09:15:47.578Z", "user": 1, "content_type": 10, "object_id": "42", "object_repr": "OrderedItem object (42)", "action_flag": 3, "change_message": ""}}, {"model": "admin.logentry", "pk": 177, "fields": {"action_time": "2019-07-02T09:15:47.585Z", "user": 1, "content_type": 10, "object_id": "41", "object_repr": "OrderedItem object (41)", "action_flag": 3, "change_message": ""}}, {"model": "admin.logentry", "pk": 178, "fields": {"action_time": "2019-07-02T09:15:47.592Z", "user": 1, "content_type": 10, "object_id": "40", "object_repr": "OrderedItem object (40)", "action_flag": 3, "change_message": ""}}, {"model": "admin.logentry", "pk": 179, "fields": {"action_time": "2019-07-02T09:15:47.598Z", "user": 1, "content_type": 10, "object_id": "39", "object_repr": "OrderedItem object (39)", "action_flag": 3, "change_message": ""}}, {"model": "admin.logentry", "pk": 180, "fields": {"action_time": "2019-07-02T09:15:47.605Z", "user": 1, "content_type": 10, "object_id": "38", "object_repr": "OrderedItem object (38)", "action_flag": 3, "change_message": ""}}, {"model": "admin.logentry", "pk": 181, "fields": {"action_time": "2019-07-02T09:15:47.612Z", "user": 1, "content_type": 10, "object_id": "37", "object_repr": "OrderedItem object (37)", "action_flag": 3, "change_message": ""}}, {"model": "admin.logentry", "pk": 182, "fields": {"action_time": "2019-07-02T09:15:47.618Z", "user": 1, "content_type": 10, "object_id": "36", "object_repr": "OrderedItem object (36)", "action_flag": 3, "change_message": ""}}, {"model": "admin.logentry", "pk": 183, "fields": {"action_time": "2019-07-02T09:15:47.625Z", "user": 1, "content_type": 10, "object_id": "35", "object_repr": "OrderedItem object (35)", "action_flag": 3, "change_message": ""}}, {"model": "admin.logentry", "pk": 184, "fields": {"action_time": "2019-07-02T09:15:47.631Z", "user": 1, "content_type": 10, "object_id": "34", "object_repr": "OrderedItem object (34)", "action_flag": 3, "change_message": ""}}, {"model": "admin.logentry", "pk": 185, "fields": {"action_time": "2019-07-02T09:15:47.637Z", "user": 1, "content_type": 10, "object_id": "33", "object_repr": "OrderedItem object (33)", "action_flag": 3, "change_message": ""}}, {"model": "admin.logentry", "pk": 186, "fields": {"action_time": "2019-07-02T09:15:47.644Z", "user": 1, "content_type": 10, "object_id": "32", "object_repr": "OrderedItem object (32)", "action_flag": 3, "change_message": ""}}, {"model": "admin.logentry", "pk": 187, "fields": {"action_time": "2019-07-02T09:15:47.650Z", "user": 1, "content_type": 10, "object_id": "31", "object_repr": "OrderedItem object (31)", "action_flag": 3, "change_message": ""}}, {"model": "admin.logentry", "pk": 188, "fields": {"action_time": "2019-07-02T09:15:47.657Z", "user": 1, "content_type": 10, "object_id": "30", "object_repr": "OrderedItem object (30)", "action_flag": 3, "change_message": ""}}, {"model": "admin.logentry", "pk": 189, "fields": {"action_time": "2019-07-02T09:15:47.663Z", "user": 1, "content_type": 10, "object_id": "29", "object_repr": "OrderedItem object (29)", "action_flag": 3, "change_message": ""}}, {"model": "admin.logentry", "pk": 190, "fields": {"action_time": "2019-07-02T09:15:47.670Z", "user": 1, "content_type": 10, "object_id": "28", "object_repr": "OrderedItem object (28)", "action_flag": 3, "change_message": ""}}, {"model": "admin.logentry", "pk": 191, "fields": {"action_time": "2019-07-02T09:15:47.677Z", "user": 1, "content_type": 10, "object_id": "27", "object_repr": "OrderedItem object (27)", "action_flag": 3, "change_message": ""}}, {"model": "admin.logentry", "pk": 192, "fields": {"action_time": "2019-07-02T09:15:47.685Z", "user": 1, "content_type": 10, "object_id": "26", "object_repr": "OrderedItem object (26)", "action_flag": 3, "change_message": ""}}, {"model": "admin.logentry", "pk": 193, "fields": {"action_time": "2019-07-02T09:15:47.693Z", "user": 1, "content_type": 10, "object_id": "25", "object_repr": "OrderedItem object (25)", "action_flag": 3, "change_message": ""}}, {"model": "admin.logentry", "pk": 194, "fields": {"action_time": "2019-07-02T09:15:47.700Z", "user": 1, "content_type": 10, "object_id": "24", "object_repr": "OrderedItem object (24)", "action_flag": 3, "change_message": ""}}, {"model": "admin.logentry", "pk": 195, "fields": {"action_time": "2019-07-02T09:15:47.707Z", "user": 1, "content_type": 10, "object_id": "23", "object_repr": "OrderedItem object (23)", "action_flag": 3, "change_message": ""}}, {"model": "admin.logentry", "pk": 196, "fields": {"action_time": "2019-07-02T09:15:47.714Z", "user": 1, "content_type": 10, "object_id": "22", "object_repr": "OrderedItem object (22)", "action_flag": 3, "change_message": ""}}, {"model": "admin.logentry", "pk": 197, "fields": {"action_time": "2019-07-02T09:15:47.721Z", "user": 1, "content_type": 10, "object_id": "21", "object_repr": "OrderedItem object (21)", "action_flag": 3, "change_message": ""}}, {"model": "admin.logentry", "pk": 198, "fields": {"action_time": "2019-07-02T09:15:47.727Z", "user": 1, "content_type": 10, "object_id": "20", "object_repr": "OrderedItem object (20)", "action_flag": 3, "change_message": ""}}, {"model": "admin.logentry", "pk": 199, "fields": {"action_time": "2019-07-02T09:15:47.738Z", "user": 1, "content_type": 10, "object_id": "19", "object_repr": "OrderedItem object (19)", "action_flag": 3, "change_message": ""}}, {"model": "admin.logentry", "pk": 200, "fields": {"action_time": "2019-07-02T09:15:47.747Z", "user": 1, "content_type": 10, "object_id": "18", "object_repr": "OrderedItem object (18)", "action_flag": 3, "change_message": ""}}, {"model": "admin.logentry", "pk": 201, "fields": {"action_time": "2019-07-02T09:15:47.753Z", "user": 1, "content_type": 10, "object_id": "17", "object_repr": "OrderedItem object (17)", "action_flag": 3, "change_message": ""}}, {"model": "admin.logentry", "pk": 202, "fields": {"action_time": "2019-07-02T09:15:47.760Z", "user": 1, "content_type": 10, "object_id": "16", "object_repr": "OrderedItem object (16)", "action_flag": 3, "change_message": ""}}, {"model": "admin.logentry", "pk": 203, "fields": {"action_time": "2019-07-02T09:15:47.767Z", "user": 1, "content_type": 10, "object_id": "15", "object_repr": "OrderedItem object (15)", "action_flag": 3, "change_message": ""}}, {"model": "admin.logentry", "pk": 204, "fields": {"action_time": "2019-07-02T09:15:47.774Z", "user": 1, "content_type": 10, "object_id": "14", "object_repr": "OrderedItem object (14)", "action_flag": 3, "change_message": ""}}, {"model": "admin.logentry", "pk": 205, "fields": {"action_time": "2019-07-02T09:15:47.782Z", "user": 1, "content_type": 10, "object_id": "13", "object_repr": "OrderedItem object (13)", "action_flag": 3, "change_message": ""}}, {"model": "admin.logentry", "pk": 206, "fields": {"action_time": "2019-07-02T09:15:47.789Z", "user": 1, "content_type": 10, "object_id": "12", "object_repr": "OrderedItem object (12)", "action_flag": 3, "change_message": ""}}, {"model": "admin.logentry", "pk": 207, "fields": {"action_time": "2019-07-02T09:15:47.796Z", "user": 1, "content_type": 10, "object_id": "11", "object_repr": "OrderedItem object (11)", "action_flag": 3, "change_message": ""}}, {"model": "admin.logentry", "pk": 208, "fields": {"action_time": "2019-07-02T09:15:47.804Z", "user": 1, "content_type": 10, "object_id": "10", "object_repr": "OrderedItem object (10)", "action_flag": 3, "change_message": ""}}, {"model": "admin.logentry", "pk": 209, "fields": {"action_time": "2019-07-02T09:15:47.811Z", "user": 1, "content_type": 10, "object_id": "9", "object_repr": "OrderedItem object (9)", "action_flag": 3, "change_message": ""}}, {"model": "admin.logentry", "pk": 210, "fields": {"action_time": "2019-07-02T09:15:47.819Z", "user": 1, "content_type": 10, "object_id": "8", "object_repr": "OrderedItem object (8)", "action_flag": 3, "change_message": ""}}, {"model": "admin.logentry", "pk": 211, "fields": {"action_time": "2019-07-02T09:15:47.825Z", "user": 1, "content_type": 10, "object_id": "7", "object_repr": "OrderedItem object (7)", "action_flag": 3, "change_message": ""}}, {"model": "admin.logentry", "pk": 212, "fields": {"action_time": "2019-07-02T09:15:47.833Z", "user": 1, "content_type": 10, "object_id": "6", "object_repr": "OrderedItem object (6)", "action_flag": 3, "change_message": ""}}, {"model": "admin.logentry", "pk": 213, "fields": {"action_time": "2019-07-02T09:15:47.841Z", "user": 1, "content_type": 10, "object_id": "5", "object_repr": "OrderedItem object (5)", "action_flag": 3, "change_message": ""}}, {"model": "admin.logentry", "pk": 214, "fields": {"action_time": "2019-07-02T09:15:47.848Z", "user": 1, "content_type": 10, "object_id": "4", "object_repr": "OrderedItem object (4)", "action_flag": 3, "change_message": ""}}, {"model": "admin.logentry", "pk": 215, "fields": {"action_time": "2019-07-02T09:15:47.858Z", "user": 1, "content_type": 10, "object_id": "3", "object_repr": "OrderedItem object (3)", "action_flag": 3, "change_message": ""}}, {"model": "admin.logentry", "pk": 216, "fields": {"action_time": "2019-07-02T09:15:47.866Z", "user": 1, "content_type": 10, "object_id": "2", "object_repr": "OrderedItem object (2)", "action_flag": 3, "change_message": ""}}, {"model": "admin.logentry", "pk": 217, "fields": {"action_time": "2019-07-02T09:15:47.873Z", "user": 1, "content_type": 10, "object_id": "1", "object_repr": "OrderedItem object (1)", "action_flag": 3, "change_message": ""}}, {"model": "admin.logentry", "pk": 218, "fields": {"action_time": "2019-07-02T09:16:14.489Z", "user": 1, "content_type": 7, "object_id": "24", "object_repr": "FoodItem object (24)", "action_flag": 3, "change_message": ""}}, {"model": "admin.logentry", "pk": 219, "fields": {"action_time": "2019-07-02T09:16:14.499Z", "user": 1, "content_type": 7, "object_id": "23", "object_repr": "FoodItem object (23)", "action_flag": 3, "change_message": ""}}, {"model": "admin.logentry", "pk": 220, "fields": {"action_time": "2019-07-02T09:16:14.506Z", "user": 1, "content_type": 7, "object_id": "22", "object_repr": "FoodItem object (22)", "action_flag": 3, "change_message": ""}}, {"model": "admin.logentry", "pk": 221, "fields": {"action_time": "2019-07-02T09:16:14.514Z", "user": 1, "content_type": 7, "object_id": "21", "object_repr": "FoodItem object (21)", "action_flag": 3, "change_message": ""}}, {"model": "admin.logentry", "pk": 222, "fields": {"action_time": "2019-07-02T09:16:14.522Z", "user": 1, "content_type": 7, "object_id": "20", "object_repr": "FoodItem object (20)", "action_flag": 3, "change_message": ""}}, {"model": "admin.logentry", "pk": 223, "fields": {"action_time": "2019-07-02T09:16:14.530Z", "user": 1, "content_type": 7, "object_id": "18", "object_repr": "FoodItem object (18)", "action_flag": 3, "change_message": ""}}, {"model": "admin.logentry", "pk": 224, "fields": {"action_time": "2019-07-02T09:16:14.537Z", "user": 1, "content_type": 7, "object_id": "17", "object_repr": "FoodItem object (17)", "action_flag": 3, "change_message": ""}}, {"model": "admin.logentry", "pk": 225, "fields": {"action_time": "2019-07-02T09:16:14.544Z", "user": 1, "content_type": 7, "object_id": "16", "object_repr": "FoodItem object (16)", "action_flag": 3, "change_message": ""}}, {"model": "admin.logentry", "pk": 226, "fields": {"action_time": "2019-07-02T09:16:14.551Z", "user": 1, "content_type": 7, "object_id": "15", "object_repr": "FoodItem object (15)", "action_flag": 3, "change_message": ""}}, {"model": "admin.logentry", "pk": 227, "fields": {"action_time": "2019-07-02T09:16:14.558Z", "user": 1, "content_type": 7, "object_id": "14", "object_repr": "FoodItem object (14)", "action_flag": 3, "change_message": ""}}, {"model": "admin.logentry", "pk": 228, "fields": {"action_time": "2019-07-02T09:16:14.565Z", "user": 1, "content_type": 7, "object_id": "13", "object_repr": "FoodItem object (13)", "action_flag": 3, "change_message": ""}}, {"model": "admin.logentry", "pk": 229, "fields": {"action_time": "2019-07-02T09:16:14.571Z", "user": 1, "content_type": 7, "object_id": "12", "object_repr": "FoodItem object (12)", "action_flag": 3, "change_message": ""}}, {"model": "admin.logentry", "pk": 230, "fields": {"action_time": "2019-07-02T09:16:14.578Z", "user": 1, "content_type": 7, "object_id": "11", "object_repr": "FoodItem object (11)", "action_flag": 3, "change_message": ""}}, {"model": "admin.logentry", "pk": 231, "fields": {"action_time": "2019-07-02T09:16:14.589Z", "user": 1, "content_type": 7, "object_id": "10", "object_repr": "FoodItem object (10)", "action_flag": 3, "change_message": ""}}, {"model": "admin.logentry", "pk": 232, "fields": {"action_time": "2019-07-02T09:16:14.602Z", "user": 1, "content_type": 7, "object_id": "9", "object_repr": "FoodItem object (9)", "action_flag": 3, "change_message": ""}}, {"model": "admin.logentry", "pk": 233, "fields": {"action_time": "2019-07-02T09:16:14.612Z", "user": 1, "content_type": 7, "object_id": "8", "object_repr": "FoodItem object (8)", "action_flag": 3, "change_message": ""}}, {"model": "admin.logentry", "pk": 234, "fields": {"action_time": "2019-07-02T09:16:14.622Z", "user": 1, "content_type": 7, "object_id": "7", "object_repr": "FoodItem object (7)", "action_flag": 3, "change_message": ""}}, {"model": "admin.logentry", "pk": 235, "fields": {"action_time": "2019-07-02T09:16:14.630Z", "user": 1, "content_type": 7, "object_id": "6", "object_repr": "FoodItem object (6)", "action_flag": 3, "change_message": ""}}, {"model": "admin.logentry", "pk": 236, "fields": {"action_time": "2019-07-02T09:16:14.637Z", "user": 1, "content_type": 7, "object_id": "5", "object_repr": "FoodItem object (5)", "action_flag": 3, "change_message": ""}}, {"model": "admin.logentry", "pk": 237, "fields": {"action_time": "2019-07-02T09:16:14.645Z", "user": 1, "content_type": 7, "object_id": "4", "object_repr": "FoodItem object (4)", "action_flag": 3, "change_message": ""}}, {"model": "admin.logentry", "pk": 238, "fields": {"action_time": "2019-07-02T09:16:14.652Z", "user": 1, "content_type": 7, "object_id": "3", "object_repr": "FoodItem object (3)", "action_flag": 3, "change_message": ""}}, {"model": "admin.logentry", "pk": 239, "fields": {"action_time": "2019-07-02T09:16:14.659Z", "user": 1, "content_type": 7, "object_id": "2", "object_repr": "FoodItem object (2)", "action_flag": 3, "change_message": ""}}, {"model": "admin.logentry", "pk": 240, "fields": {"action_time": "2019-07-02T09:16:14.666Z", "user": 1, "content_type": 7, "object_id": "1", "object_repr": "FoodItem object (1)", "action_flag": 3, "change_message": ""}}, {"model": "admin.logentry", "pk": 241, "fields": {"action_time": "2019-07-02T09:16:48.605Z", "user": 1, "content_type": 8, "object_id": "6", "object_repr": "Khana Set", "action_flag": 3, "change_message": ""}}, {"model": "admin.logentry", "pk": 242, "fields": {"action_time": "2019-07-02T09:16:48.615Z", "user": 1, "content_type": 8, "object_id": "5", "object_repr": "Hard Drink", "action_flag": 3, "change_message": ""}}, {"model": "admin.logentry", "pk": 243, "fields": {"action_time": "2019-07-02T09:16:48.622Z", "user": 1, "content_type": 8, "object_id": "4", "object_repr": "SoftDrink", "action_flag": 3, "change_message": ""}}, {"model": "admin.logentry", "pk": 244, "fields": {"action_time": "2019-07-02T09:16:48.629Z", "user": 1, "content_type": 8, "object_id": "3", "object_repr": "Sandwich", "action_flag": 3, "change_message": ""}}, {"model": "admin.logentry", "pk": 245, "fields": {"action_time": "2019-07-02T09:16:48.636Z", "user": 1, "content_type": 8, "object_id": "2", "object_repr": "Burger", "action_flag": 3, "change_message": ""}}, {"model": "admin.logentry", "pk": 246, "fields": {"action_time": "2019-07-02T09:16:48.642Z", "user": 1, "content_type": 8, "object_id": "1", "object_repr": "MO:MO:", "action_flag": 3, "change_message": ""}}, {"model": "admin.logentry", "pk": 247, "fields": {"action_time": "2019-07-02T09:17:42.289Z", "user": 1, "content_type": 7, "object_id": "25", "object_repr": "Chicken Quesadilla", "action_flag": 1, "change_message": "[{\"added\": {}}]"}}, {"model": "admin.logentry", "pk": 248, "fields": {"action_time": "2019-07-02T09:17:55.849Z", "user": 1, "content_type": 7, "object_id": "26", "object_repr": "Jambalaya Chicken", "action_flag": 1, "change_message": "[{\"added\": {}}]"}}, {"model": "admin.logentry", "pk": 249, "fields": {"action_time": "2019-07-02T09:18:31.317Z", "user": 1, "content_type": 7, "object_id": "27", "object_repr": "Jambalaya Shrimp", "action_flag": 1, "change_message": "[{\"added\": {}}]"}}, {"model": "admin.logentry", "pk": 250, "fields": {"action_time": "2019-07-02T09:18:48.819Z", "user": 1, "content_type": 7, "object_id": "28", "object_repr": "Mutton Mo:Mo", "action_flag": 1, "change_message": "[{\"added\": {}}]"}}, {"model": "admin.logentry", "pk": 251, "fields": {"action_time": "2019-07-02T09:19:04.271Z", "user": 1, "content_type": 7, "object_id": "29", "object_repr": "Boiled Mix Veg", "action_flag": 1, "change_message": "[{\"added\": {}}]"}}, {"model": "admin.logentry", "pk": 252, "fields": {"action_time": "2019-07-02T09:19:25.251Z", "user": 1, "content_type": 7, "object_id": "30", "object_repr": "Chicken Caesar Salad", "action_flag": 1, "change_message": "[{\"added\": {}}]"}}, {"model": "admin.logentry", "pk": 253, "fields": {"action_time": "2019-07-02T09:19:44.249Z", "user": 1, "content_type": 7, "object_id": "31", "object_repr": "Thai Chicken Salad", "action_flag": 1, "change_message": "[{\"added\": {}}]"}}, {"model": "admin.logentry", "pk": 254, "fields": {"action_time": "2019-07-02T09:20:03.524Z", "user": 1, "content_type": 7, "object_id": "32", "object_repr": "Veg Caesar Salad", "action_flag": 1, "change_message": "[{\"added\": {}}]"}}, {"model": "admin.logentry", "pk": 255, "fields": {"action_time": "2019-07-02T09:20:23.449Z", "user": 1, "content_type": 7, "object_id": "33", "object_repr": "Peanut Sandeko", "action_flag": 1, "change_message": "[{\"added\": {}}]"}}, {"model": "admin.logentry", "pk": 256, "fields": {"action_time": "2019-07-02T09:20:41.156Z", "user": 1, "content_type": 7, "object_id": "34", "object_repr": "Fish Chilly", "action_flag": 1, "change_message": "[{\"added\": {}}]"}}, {"model": "admin.logentry", "pk": 257, "fields": {"action_time": "2019-07-02T09:21:04.277Z", "user": 1, "content_type": 7, "object_id": "35", "object_repr": "French Fries", "action_flag": 1, "change_message": "[{\"added\": {}}]"}}, {"model": "admin.logentry", "pk": 258, "fields": {"action_time": "2019-07-02T09:21:20.191Z", "user": 1, "content_type": 7, "object_id": "36", "object_repr": "Mushroom Chilly", "action_flag": 1, "change_message": "[{\"added\": {}}]"}}, {"model": "admin.logentry", "pk": 259, "fields": {"action_time": "2019-07-02T09:21:40.644Z", "user": 1, "content_type": 7, "object_id": "37", "object_repr": "Paneer Chilly", "action_flag": 1, "change_message": "[{\"added\": {}}]"}}, {"model": "admin.logentry", "pk": 260, "fields": {"action_time": "2019-07-02T09:22:14.742Z", "user": 1, "content_type": 7, "object_id": "38", "object_repr": "Chicken C Mo:Mo", "action_flag": 1, "change_message": "[{\"added\": {}}]"}}, {"model": "admin.logentry", "pk": 261, "fields": {"action_time": "2019-07-02T09:22:30.854Z", "user": 1, "content_type": 7, "object_id": "39", "object_repr": "Chicken Chowmein", "action_flag": 1, "change_message": "[{\"added\": {}}]"}}, {"model": "admin.logentry", "pk": 262, "fields": {"action_time": "2019-07-02T09:22:48.992Z", "user": 1, "content_type": 7, "object_id": "40", "object_repr": "Chicken Fried Mo:Mo", "action_flag": 1, "change_message": "[{\"added\": {}}]"}}, {"model": "admin.logentry", "pk": 263, "fields": {"action_time": "2019-07-02T09:23:08.528Z", "user": 1, "content_type": 7, "object_id": "41", "object_repr": "Chicken Jhol Mo:Mo", "action_flag": 1, "change_message": "[{\"added\": {}}]"}}, {"model": "admin.logentry", "pk": 264, "fields": {"action_time": "2019-07-02T09:23:36.098Z", "user": 1, "content_type": 7, "object_id": "42", "object_repr": "Buff C Momo", "action_flag": 1, "change_message": "[{\"added\": {}}]"}}, {"model": "admin.logentry", "pk": 265, "fields": {"action_time": "2019-07-02T09:23:50.724Z", "user": 1, "content_type": 7, "object_id": "43", "object_repr": "Buff Chowmein", "action_flag": 1, "change_message": "[{\"added\": {}}]"}}, {"model": "admin.logentry", "pk": 266, "fields": {"action_time": "2019-07-02T09:24:13.923Z", "user": 1, "content_type": 7, "object_id": "44", "object_repr": "Fish Manchurian", "action_flag": 1, "change_message": "[{\"added\": {}}]"}}, {"model": "admin.logentry", "pk": 267, "fields": {"action_time": "2019-07-02T09:24:27.275Z", "user": 1, "content_type": 7, "object_id": "45", "object_repr": "Mixed Fired Rice", "action_flag": 1, "change_message": "[{\"added\": {}}]"}}, {"model": "admin.logentry", "pk": 268, "fields": {"action_time": "2019-07-02T09:24:45.591Z", "user": 1, "content_type": 7, "object_id": "46", "object_repr": "Chicken Biryani", "action_flag": 1, "change_message": "[{\"added\": {}}]"}}, {"model": "admin.logentry", "pk": 269, "fields": {"action_time": "2019-07-02T09:25:41.706Z", "user": 1, "content_type": 7, "object_id": "47", "object_repr": "Chicken Butter Masala", "action_flag": 1, "change_message": "[{\"added\": {}}]"}}, {"model": "admin.logentry", "pk": 270, "fields": {"action_time": "2019-07-02T09:25:52.688Z", "user": 1, "content_type": 7, "object_id": "48", "object_repr": "Jeera Rice", "action_flag": 1, "change_message": "[{\"added\": {}}]"}}, {"model": "admin.logentry", "pk": 271, "fields": {"action_time": "2019-07-02T09:26:13.989Z", "user": 1, "content_type": 7, "object_id": "49", "object_repr": "Mutton Biryani", "action_flag": 1, "change_message": "[{\"added\": {}}]"}}, {"model": "admin.logentry", "pk": 272, "fields": {"action_time": "2019-07-02T09:26:26.464Z", "user": 1, "content_type": 7, "object_id": "50", "object_repr": "Plain Rice", "action_flag": 1, "change_message": "[{\"added\": {}}]"}}, {"model": "admin.logentry", "pk": 273, "fields": {"action_time": "2019-07-02T09:26:41.814Z", "user": 1, "content_type": 7, "object_id": "51", "object_repr": "Paneer Tikka", "action_flag": 1, "change_message": "[{\"added\": {}}]"}}, {"model": "admin.logentry", "pk": 274, "fields": {"action_time": "2019-07-02T09:27:08.472Z", "user": 1, "content_type": 7, "object_id": "52", "object_repr": "Al Forno Chicken", "action_flag": 1, "change_message": "[{\"added\": {}}]"}}, {"model": "admin.logentry", "pk": 275, "fields": {"action_time": "2019-07-02T09:27:50.840Z", "user": 1, "content_type": 7, "object_id": "53", "object_repr": "Al Forno Veg", "action_flag": 1, "change_message": "[{\"added\": {}}]"}}, {"model": "admin.logentry", "pk": 276, "fields": {"action_time": "2019-07-02T09:28:06.730Z", "user": 1, "content_type": 7, "object_id": "54", "object_repr": "Alfredo", "action_flag": 1, "change_message": "[{\"added\": {}}]"}}, {"model": "admin.logentry", "pk": 277, "fields": {"action_time": "2019-07-02T09:28:31.217Z", "user": 1, "content_type": 7, "object_id": "55", "object_repr": "Spaghetti Bolognaise", "action_flag": 1, "change_message": "[{\"added\": {}}]"}}, {"model": "admin.logentry", "pk": 278, "fields": {"action_time": "2019-07-02T09:28:43.964Z", "user": 1, "content_type": 7, "object_id": "56", "object_repr": "Veg Spaghetti", "action_flag": 1, "change_message": "[{\"added\": {}}]"}}, {"model": "admin.logentry", "pk": 279, "fields": {"action_time": "2019-07-02T09:29:08.173Z", "user": 1, "content_type": 7, "object_id": "57", "object_repr": "Barbeque Chicken Pizza", "action_flag": 1, "change_message": "[{\"added\": {}}]"}}, {"model": "admin.logentry", "pk": 280, "fields": {"action_time": "2019-07-02T09:29:33.212Z", "user": 1, "content_type": 7, "object_id": "58", "object_repr": "Cheese Burst Chicken Pizza", "action_flag": 1, "change_message": "[{\"added\": {}}]"}}, {"model": "admin.logentry", "pk": 281, "fields": {"action_time": "2019-07-02T09:29:55.050Z", "user": 1, "content_type": 7, "object_id": "59", "object_repr": "Cheese Burst Veg Pizza", "action_flag": 1, "change_message": "[{\"added\": {}}]"}}, {"model": "admin.logentry", "pk": 282, "fields": {"action_time": "2019-07-02T09:30:11.745Z", "user": 1, "content_type": 7, "object_id": "60", "object_repr": "Fungi Mushroom Pizza", "action_flag": 1, "change_message": "[{\"added\": {}}]"}}, {"model": "admin.logentry", "pk": 283, "fields": {"action_time": "2019-07-02T09:30:21.396Z", "user": 1, "content_type": 7, "object_id": "61", "object_repr": "Paneer Pizza", "action_flag": 1, "change_message": "[{\"added\": {}}]"}}, {"model": "admin.logentry", "pk": 284, "fields": {"action_time": "2019-07-02T09:30:45.301Z", "user": 1, "content_type": 7, "object_id": "62", "object_repr": "Chicken and Cheese Burger", "action_flag": 1, "change_message": "[{\"added\": {}}]"}}, {"model": "admin.logentry", "pk": 285, "fields": {"action_time": "2019-07-02T09:31:03.211Z", "user": 1, "content_type": 7, "object_id": "63", "object_repr": "Chicken Sandwich", "action_flag": 1, "change_message": "[{\"added\": {}}]"}}, {"model": "admin.logentry", "pk": 286, "fields": {"action_time": "2019-07-02T09:31:14.403Z", "user": 1, "content_type": 7, "object_id": "64", "object_repr": "Club Sandwich", "action_flag": 1, "change_message": "[{\"added\": {}}]"}}, {"model": "admin.logentry", "pk": 287, "fields": {"action_time": "2019-07-02T09:31:32.895Z", "user": 1, "content_type": 7, "object_id": "65", "object_repr": "Crispy Chicken Burger", "action_flag": 1, "change_message": "[{\"added\": {}}]"}}, {"model": "admin.logentry", "pk": 288, "fields": {"action_time": "2019-07-02T09:31:55.345Z", "user": 1, "content_type": 7, "object_id": "66", "object_repr": "Grilled Chicken Burger", "action_flag": 1, "change_message": "[{\"added\": {}}]"}}, {"model": "admin.logentry", "pk": 289, "fields": {"action_time": "2019-07-02T09:32:24.969Z", "user": 1, "content_type": 7, "object_id": "67", "object_repr": "Veg Cheese Burger served with French Fries", "action_flag": 1, "change_message": "[{\"added\": {}}]"}}]